IL_smiles,MaxAbsEStateIndex,MinAbsEStateIndex,MinEStateIndex,SPS,MolWt,BCUT2D_MWHI,BCUT2D_MRLOW,BertzCT,HallKierAlpha,Ipc,Kappa1,Kappa3,PEOE_VSA1,PEOE_VSA10,PEOE_VSA11,PEOE_VSA12,PEOE_VSA13,PEOE_VSA2,PEOE_VSA3,PEOE_VSA4,PEOE_VSA5,PEOE_VSA6,PEOE_VSA7,PEOE_VSA9,SMR_VSA10,SMR_VSA2,SMR_VSA3,SMR_VSA4,SMR_VSA7,SlogP_VSA1,SlogP_VSA12,SlogP_VSA2,SlogP_VSA3,SlogP_VSA8,TPSA,EState_VSA2,EState_VSA3,EState_VSA4,EState_VSA6,EState_VSA8,VSA_EState2,VSA_EState3,VSA_EState4,VSA_EState5,VSA_EState6,VSA_EState8,NumAliphaticHeterocycles,NumHeterocycles,MolLogP,fr_NH0,fr_Ndealkylation1,fr_ether,fr_quatN
CCCCC[P+](CC)(CC)CC.C(F)(F)(F)S(=O)(=O)[N-]S(=O)(=O)C(F)(F)F,0.4515726919955696,0.18935094427866836,-0.29097848589345526,0.25200518417637596,0.9293523116986285,0.7487160025579076,1.4065930924123935,0.606118445767562,1.3194912854443803,-0.12837088615832942,0.3415666129432788,0.19991635953214473,-0.7910820630141254,-1.174851892203202,1.1308793694616406,-0.7760138587182511,-0.26917851135846255,-0.32134997848501146,0.30613002228540737,0.8268862688363909,-0.37134372443570424,0.1430384748073238,0.9994688197828744,0.32341105322900615,1.5763219947243161,-0.28670801650267835,-0.833347902166137,-0.9671232533582276,-0.9403612675143385,-0.9757778215675068,1.5195098202759363,0.5957764341095828,0.2806293776056855,0.7903154527575308,0.6975562383135268,-0.7498877432857705,-0.2055566129482595,1.2817398889233114,-0.11704114719613053,-0.6477119471011874,-0.2878200879276962,-0.4011147404754536,-1.1257527026852265,0.36365839101869557,-0.07014788381721537,0.0011910886192518563,-0.332422584818903,-1.2874232262686238,0.8918087157540023,-0.9882507477608992,-0.32686022523030667,-0.45732956038002354,-0.5877538136452587
CCCCCCCC[P+](CC)(CC)CC.C(F)(F)(F)S(=O)(=O)[N-]S(=O)(=O)C(F)(F)F,0.4515726919955696,0.18935094427866836,-0.4382806212788152,0.5418187366327751,1.3074233771682953,0.7487160701475191,1.4065909713612343,1.3890988888294769,1.3194912854443803,-0.12782637657715526,0.34029851163005015,0.6131848114472204,-0.7910820630141254,-1.174851892203202,1.1308793694616406,-0.7760138587182511,-0.26917851135846255,-0.32134997848501146,0.30613002228540737,0.8268862688363909,-0.37134372443570424,0.8379643125231325,1.5181716678432506,0.32341105322900615,1.5763219947243161,-0.28670801650267835,-0.833347902166137,-0.9671232533582276,-0.9403612675143385,-0.9757778215675068,1.5195098202759363,0.5957764341095828,0.2806293776056855,0.7903154527575308,0.6975562383135268,-0.7498877432857705,-0.2055566129482595,1.2817398889233114,-0.11704114719613053,-0.6477119471011874,-0.2878200879276962,-0.4011147404754536,-1.1257527026852265,0.36365839101869557,-0.07014788381721537,-0.06331311901284921,-0.332422584818903,-1.2874232262686238,1.3943099907583174,-0.9882507477608992,-0.32686022523030667,-0.45732956038002354,-0.5877538136452587
CCCCCC[P+](CCCC)(CCCC)CCCC.C(F)(F)(F)S(=O)(=O)[N-]S(=O)(=O)C(F)(F)F,0.4515726919955696,0.18935094427866836,-1.0492009224669248,0.8486801451160224,1.8115181311278712,0.7487161606380143,1.4065880283682048,2.3110610442025563,1.3194912854443803,-0.05860288047336391,0.388907064761946,1.3226947532753013,-0.7910820630141254,-1.174851892203202,1.1308793694616406,-0.7760138587182511,-0.26917851135846255,-0.32134997848501146,0.30613002228540737,0.8268862688363909,-0.37134372443570424,2.30615835796864,1.4012198774663809,0.32341105322900615,1.5763219947243161,-0.28670801650267835,-0.833347902166137,-0.9671232533582276,-0.9403612675143385,-0.9757778215675068,1.5195098202759363,0.5957764341095828,0.2806293776056855,0.7903154527575308,0.6975562383135268,-0.7498877432857705,-0.2055566129482595,1.2817398889233114,-0.11704114719613053,-0.6477119471011874,-0.2878200879276962,-0.4011147404754536,-1.1257527026852265,0.36365839101869557,-0.07014788381721537,-0.10514020302102701,-0.332422584818903,-1.2874232262686238,2.064311690764071,-0.9882507477608992,-0.32686022523030667,-0.45732956038002354,-0.5877538136452587
CCCCCCCCCC[P+](CCCC)(CCCC)CCCC.C(F)(F)(F)S(=O)(=O)[N-]S(=O)(=O)C(F)(F)F,0.4515726919955696,0.18935094427866836,-1.1978961961366748,1.0909391518133216,2.3156128850874325,0.7487162508318234,1.4065852008767077,3.406702335082356,1.3194912854443803,8.509365412816019,0.4706828094969003,2.0673190303449953,-0.7910820630141254,-1.174851892203202,1.1308793694616406,-0.7760138587182511,-0.26917851135846255,-0.32134997848501146,0.30613002228540737,0.8268862688363909,-0.37134372443570424,3.6960100334002566,1.4012198774663809,0.32341105322900615,1.5763219947243161,-0.28670801650267835,-0.833347902166137,-0.9671232533582276,-0.9403612675143385,-0.9757778215675068,1.5195098202759363,0.5957764341095828,0.2806293776056855,0.7903154527575308,0.6975562383135268,-0.7498877432857705,-0.2055566129482595,1.2817398889233114,-0.11704114719613053,-0.6477119471011874,-0.2878200879276962,-0.4011147404754536,-1.1257527026852265,0.36365839101869557,-0.07014788381721537,-0.1430525079035694,-0.332422584818903,-1.2874232262686238,2.7343133907698185,-0.9882507477608992,-0.32686022523030667,-0.45732956038002354,-0.5877538136452587
CCCC[P+](CC)(CCCC)CCCC.C(F)(F)(F)S(=O)(=O)[N-]S(=O)(=O)C(F)(F)F,0.4515726919955696,0.18935094427866836,-0.6808100172913029,0.5418187366327751,1.3074233771682953,0.7487160703714174,1.4065909056590025,1.2412342759576582,1.3194912854443803,-0.12782730884972665,0.34029851163005015,0.6131848114472204,-0.7910820630141254,-1.174851892203202,1.1308793694616406,-0.7760138587182511,-0.26917851135846255,-0.32134997848501146,0.30613002228540737,0.8268862688363909,-0.37134372443570424,1.2376554780569637,0.9215009595316279,0.32341105322900615,1.5763219947243161,-0.28670801650267835,-0.833347902166137,-0.9671232533582276,-0.9403612675143385,-0.9757778215675068,1.5195098202759363,0.5957764341095828,0.2806293776056855,0.7903154527575308,0.6975562383135268,-0.7498877432857705,-0.2055566129482595,1.2817398889233114,-0.11704114719613053,-0.6477119471011874,-0.2878200879276962,-0.4011147404754536,-1.1257527026852265,0.36365839101869557,-0.07014788381721537,-0.06492164178482646,-0.332422584818903,-1.2874232262686238,1.3943099907583174,-0.9882507477608992,-0.32686022523030667,-0.45732956038002354,-0.5877538136452587
CCCCCCCC[P+](CCCC)(CCCC)CCCC.C(F)(F)(F)S(=O)(=O)[N-]S(=O)(=O)C(F)(F)F,0.4515726919955696,0.18935094427866836,-1.1368202139013752,0.9765390653173748,2.0635655081076525,0.7487162057299586,1.4065866133026548,2.8558724491326832,1.3194912854443803,0.6488052289949193,0.42668890644787333,1.691085085915344,-0.7910820630141254,-1.174851892203202,1.1308793694616406,-0.7760138587182511,-0.26917851135846255,-0.32134997848501146,0.30613002228540737,0.8268862688363909,-0.37134372443570424,3.0010841956844487,1.4012198774663809,0.32341105322900615,1.5763219947243161,-0.28670801650267835,-0.833347902166137,-0.9671232533582276,-0.9403612675143385,-0.9757778215675068,1.5195098202759363,0.5957764341095828,0.2806293776056855,0.7903154527575308,0.6975562383135268,-0.7498877432857705,-0.2055566129482595,1.2817398889233114,-0.11704114719613053,-0.6477119471011874,-0.2878200879276962,-0.4011147404754536,-1.1257527026852265,0.36365839101869557,-0.07014788381721537,-0.12528834516871024,-0.332422584818903,-1.2874232262686238,2.399312540766945,-0.9882507477608992,-0.32686022523030667,-0.45732956038002354,-0.5877538136452587
CCOCC[P+](CC)(CC)CC.C(F)(F)(F)S(=O)(=O)[N-]S(=O)(=O)C(F)(F)F,0.4515726919955696,0.18935094427866836,-0.194096197416182,0.040181325238144244,0.9470694795678855,0.7487160087085328,1.4065910485970035,0.40087354789726015,1.2601395021032877,-0.1283792159513721,0.5367170157798303,0.1932704626145506,0.045035878392730155,-1.174851892203202,1.1308793694616406,-0.7760138587182511,-0.26917851135846255,-0.32134997848501146,0.30613002228540737,0.8268862688363909,-0.37134372443570424,-0.9254644051043527,1.0384527499084977,1.3527616737569799,1.5763219947243161,-0.28670801650267835,-0.833347902166137,-0.9671232533582276,-0.9403612675143385,-0.9757778215675068,1.5195098202759363,1.1480421835502013,0.8538759388910654,0.7903154527575308,0.9810396271162175,-0.7498877432857705,-0.2055566129482595,1.2817398889233114,-0.11704114719613053,0.29847544646206514,-0.2878200879276962,-0.4011147404754536,-1.1257527026852265,0.36365839101869557,-0.07014788381721537,-1.0260578672397336,-0.332422584818903,-1.2874232262686238,0.39643511840932283,-0.9882507477608992,-0.32686022523030667,1.6578196563775853,-0.5877538136452587
CCOCC[P+](CCCC)(CCCC)CCCC.[O-]C(=O)C(F)(F)F,-0.18894820468740264,2.774925808430688,-0.8926357900387429,1.3355805062176782,0.2016277273974549,0.5901749921469832,0.5907082064535287,0.6211165051425214,0.9930564770683711,-0.12795772006677478,-0.6865185419629743,1.6044041684708812,1.0641625976223887,-0.35068281546460495,-0.9401068061032477,-0.7760138587182511,-0.26917851135846255,-0.32134997848501146,-1.9825437454792616,-0.17627602318732488,-0.37134372443570424,1.2376554780569637,0.9215009595316279,1.3527616737569799,-0.01641539851197943,-0.28670801650267835,-0.833347902166137,-0.9671232533582276,-1.2892569231234163,0.3818525421476165,1.5195098202759363,0.4867931369353947,-0.9918988923541657,-0.7845803427584016,-0.31659560331863223,-0.7498877432857705,-0.2055566129482595,-0.7801894976054939,-0.11704114719613053,0.29847544646206514,3.3130259181315194,0.7524601663082541,0.8074077448140042,-0.2510156940514685,-0.07014788381721537,-1.2698062054882189,-0.332422584818903,-1.2874232262686238,0.6454315205070774,-1.7123156520609637,-0.32686022523030667,1.6578196563775853,-0.5877538136452587
CCOCC[P+](CCCC)(CCCC)CCCC.CS([O-])(=O)=O,-0.8706270706351448,3.2259918283450593,-0.8926357900387429,2.014203868367064,0.04067282761158718,0.7416286487544878,1.9729851538461654,0.938909428500874,1.9575229563611256,-0.12782706451807194,-0.9736871931491676,2.719671997620787,0.12011546665379158,-1.174851892203202,-0.9401068061032477,-0.7760138587182511,-0.26917851135846255,-0.32134997848501146,-0.8382068615969271,-1.1794383152110404,-0.37134372443570424,1.2376554780569637,0.9215009595316279,2.2176581463919907,0.4529923744026686,-0.28670801650267835,-0.833347902166137,-0.9671232533582276,-1.2892569231234163,-0.9757778215675068,1.5195098202759363,0.7818660123905284,-0.3476477276845229,-0.7845803427584016,0.20767974303693904,-0.7498877432857705,-0.2055566129482595,-0.7801894976054939,-0.11704114719613053,0.29847544646206514,-0.2878200879276962,-0.4011147404754536,0.8074077448140042,0.36365839101869557,-0.07014788381721537,-1.2698062054882189,-0.332422584818903,-1.2874232262686238,0.5865208352720164,-1.7123156520609637,-0.32686022523030667,1.6578196563775853,-0.5877538136452587
CCOCC[P+](CCCC)(CCCC)CCCC.FC(F)(F)S([O-])(=O)=O,-0.08766101469988406,4.063325456346142,-0.8926357900387429,1.290386478691766,0.5255590091043745,0.7417119070313404,1.3865016536430324,0.9784510588037997,1.64592609382039,-0.12782706451807194,-0.49762164354249544,1.2629332320827873,0.12011546665379158,-1.174851892203202,0.1051836342800213,-0.7760138587182511,-0.26917851135846255,-0.32134997848501146,-0.8382068615969271,-0.17627602318732488,-0.37134372443570424,1.2376554780569637,0.9215009595316279,1.3527616737569799,0.4529923744026686,-0.28670801650267835,-0.833347902166137,-0.9671232533582276,-1.2892569231234163,-0.9757778215675068,1.5195098202759363,0.7534235634505327,-0.3476477276845229,-0.7845803427584016,0.20767974303693904,-0.7498877432857705,-0.2055566129482595,-0.7801894976054939,-0.11704114719613053,0.29847544646206514,-0.2878200879276962,-0.4011147404754536,-0.07234430604403762,0.36365839101869557,-0.07014788381721537,-1.2698062054882189,-0.332422584818903,-1.2874232262686238,0.9686674085898329,-1.7123156520609637,-0.32686022523030667,1.6578196563775853,-0.5877538136452587
CCOCC[P+](CCCC)(CCCC)CCCC.C(F)(F)(F)S(=O)(=O)[N-]S(=O)(=O)C(F)(F)F,0.4515726919955696,0.18935094427866836,-0.8926357900387429,0.6056284858749121,1.703211610507237,0.7487161442504368,1.406586666956487,1.827591378587916,1.2601395021032877,-0.11918391494977232,0.5156836880223039,1.240785208343888,0.045035878392730155,-1.174851892203202,1.1308793694616406,-0.7760138587182511,-0.26917851135846255,-0.32134997848501146,0.30613002228540737,0.8268862688363909,-0.37134372443570424,1.2376554780569637,0.9215009595316279,1.3527616737569799,1.5763219947243161,-0.28670801650267835,-0.833347902166137,-0.9671232533582276,-0.9403612675143385,-0.9757778215675068,1.5195098202759363,1.1480421835502013,0.8538759388910654,0.7903154527575308,0.9810396271162175,-0.7498877432857705,-0.2055566129482595,1.2817398889233114,-0.11704114719613053,0.29847544646206514,-0.2878200879276962,-0.4011147404754536,-1.1257527026852265,0.36365839101869557,-0.07014788381721537,-1.2698062054882189,-0.332422584818903,-1.2874232262686238,1.4014376684179537,-0.9882507477608992,-0.32686022523030667,1.6578196563775853,-0.5877538136452587
CCN1C=C[N+](=C1)C.N#C[C-](C#N)C#N,-2.0796424177877424,-0.6222188523851233,1.756751497627722,-1.4339201658274623,-1.4804071276463866,-1.7178511480396272,-0.30122023819109806,-1.173280265639159,-2.12291214833899,-0.12838567916520507,-0.9367074443390655,-0.9473052754564886,-1.5196220620743555,0.9082200434608136,-0.7984955340960134,0.46878242726731245,-0.26917851135846255,-0.32134997848501146,1.405127751823938,-1.1794383152110404,-0.37134372443570424,0.3899035139793431,-0.6346075846495001,-0.9669629424450438,-1.5134917073667655,3.398401065675104,0.013980158704163127,0.8826427704086719,0.7874356735718526,0.2384393316036858,-0.6500621850727836,-1.414125505052332,-0.514931556659128,-0.7845803427584016,0.6299870665512387,0.32740903653239134,-0.2055566129482595,-0.7801894976054939,-0.11704114719613053,-0.6477119471011874,-0.2878200879276962,2.669309537106162,0.8074077448140042,0.28132329417326946,3.7540075899111174,1.0089238362565591,-0.332422584818903,0.30039875279601214,-1.1902760980417546,1.9080088694393595,-0.32686022523030667,-0.45732956038002354,-0.5877538136452587
CCCCN1C=C[N+](=C1)C.N#C[C-](C#N)C#N,-2.043484498695373,-0.689943960494205,1.4590636678747904,-0.8946188864665409,-1.228359750666608,-1.717492404853721,-0.3012616246617791,-0.6999793047084719,-2.12291214833899,-0.12838566732715487,-0.9419563903011685,-0.5576403677089057,-1.5196220620743555,0.9082200434608136,-0.7984955340960134,0.46878242726731245,-0.26917851135846255,-0.32134997848501146,1.405127751823938,-1.1794383152110404,-0.37134372443570424,1.1109434750331153,-0.6735915147751234,-0.9669629424450438,-1.5134917073667655,3.398401065675104,0.013980158704163127,0.8826427704086719,0.7874356735718526,0.2384393316036858,-0.6500621850727836,-1.414125505052332,-0.514931556659128,-0.7845803427584016,0.6299870665512387,0.32740903653239134,-0.2055566129482595,-0.7801894976054939,-0.11704114719613053,-0.6477119471011874,-0.2878200879276962,2.669309537106162,0.8074077448140042,0.28132329417326946,3.7540075899111174,0.8792348581926188,-0.332422584818903,0.30039875279601214,-0.8552752480388782,1.9080088694393595,-0.32686022523030667,-0.45732956038002354,-0.5877538136452587
CCCCCCN1C=C[N+](=C1)C.N#C[C-](C#N)C#N,-1.917982878448448,-0.5783386820252133,1.2394879154664808,-0.46885471855002386,-0.9763123736868298,-1.7174792336748896,-0.3012625507639127,-0.21407527124661455,-2.12291214833899,-0.1283855328533259,-0.9157207537196077,-0.15023662004935473,-1.5196220620743555,0.9082200434608136,-0.7984955340960134,0.46878242726731245,-0.26917851135846255,-0.32134997848501146,1.405127751823938,-1.1794383152110404,-0.37134372443570424,1.4584063938910194,-0.15488866671474733,-0.9669629424450438,-1.5134917073667655,3.398401065675104,0.013980158704163127,0.8826427704086719,0.7874356735718526,0.2384393316036858,-0.6500621850727836,-1.414125505052332,-0.514931556659128,-0.7845803427584016,0.6299870665512387,0.32740903653239134,-0.2055566129482595,-0.7801894976054939,-0.11704114719613053,-0.6477119471011874,-0.2878200879276962,2.669309537106162,0.8074077448140042,0.28132329417326946,3.7540075899111174,0.8048318658448891,-0.332422584818903,0.30039875279601214,-0.5202743980360018,1.9080088694393595,-0.32686022523030667,-0.45732956038002354,-0.5877538136452587
CCCCCCCCN1C=C[N+](=C1)C.N#C[C-](C#N)C#N,-1.8451324689832183,-0.49901603306860703,1.0820649091091172,-0.1241884873795101,-0.7242649967070568,-1.717476663409176,-0.30126267941328333,0.2829920767506132,-2.12291214833899,-0.12838401606783192,-0.8729906357088245,0.27018475340741177,-1.5196220620743555,0.9082200434608136,-0.7984955340960134,0.46878242726731245,-0.26917851135846255,-0.32134997848501146,1.405127751823938,-1.1794383152110404,-0.37134372443570424,2.153332231606828,-0.15488866671474733,-0.9669629424450438,-1.5134917073667655,3.398401065675104,0.013980158704163127,0.8826427704086719,0.7874356735718526,0.2384393316036858,-0.6500621850727836,-1.414125505052332,-0.514931556659128,-0.7845803427584016,0.6299870665512387,0.32740903653239134,-0.2055566129482595,-0.7801894976054939,-0.11704114719613053,-0.6477119471011874,-0.2878200879276962,2.669309537106162,0.8074077448140042,0.28132329417326946,3.7540075899111174,0.7568395244868937,-0.332422584818903,0.30039875279601214,-0.185273548033125,1.9080088694393595,-0.32686022523030667,-0.45732956038002354,-0.5877538136452587
CCCC[P+](CC)(CC)CC.FC(F)(F)C1=N[N-]C=C1,0.6722823021778949,0.16000480381638157,-0.21511695554292973,0.8039507620688382,-0.5001140731928172,0.5901745656655663,1.1437542915581573,-0.13089523390896315,0.6666216686923618,-0.1283835695941794,-0.9189323409620005,-0.5249563891187442,0.2803452914355306,-0.3887035630162293,-0.9401068061032477,-0.7760138587182511,-0.26917851135846255,-0.32134997848501146,-1.9825437454792616,0.2938705454066609,-0.37134372443570424,0.1250187038968149,0.9994688197828744,0.44058335760740047,-0.69179713114565,-0.28670801650267835,1.0585557140431856,-0.9671232533582276,0.2246392332542333,0.3797667006972858,1.5195098202759363,-0.36214759452153344,-1.3979272037982737,-0.7845803427584016,-1.0036512271015334,-0.7498877432857705,-0.2055566129482595,-0.7801894976054939,-0.11704114719613053,1.3892093224637385,-0.2878200879276962,0.31171551911694,0.5891830663518822,0.36365839101869557,-0.9601254705721227,0.03005286454194227,-0.332422584818903,0.30039875279601214,0.72357834785971,-0.26418584346083446,-0.32686022523030667,-0.45732956038002354,-0.5877538136452587
CCCCCCCC[P+](CC)(CC)CC.FC(F)(F)C1=N[N-]C=C1,0.6722823021778949,0.16000480381638157,-0.4382806212788152,1.194982419847427,0.00398068076673843,0.5901746151065064,1.1437524092765914,0.8779148274823879,0.6666216686923618,-0.12811898288073023,-0.7936099698623191,0.17675670418219439,0.2803452914355306,-0.3887035630162293,-0.9401068061032477,-0.7760138587182511,-0.26917851135846255,-0.32134997848501146,-1.9825437454792616,0.2938705454066609,-0.37134372443570424,1.1674074604705278,1.5181716678432506,0.44058335760740047,-0.69179713114565,-0.28670801650267835,1.0585557140431856,-0.9671232533582276,0.2246392332542333,0.3797667006972858,1.5195098202759363,-0.36214759452153344,-1.3979272037982737,-0.7845803427584016,-1.0036512271015334,-0.7498877432857705,-0.2055566129482595,-0.7801894976054939,-0.11704114719613053,1.3892093224637385,-0.2878200879276962,0.31171551911694,0.5891830663518822,0.36365839101869557,-0.9601254705721227,-0.06331311901284921,-0.332422584818903,0.30039875279601214,1.3935800478654636,-0.26418584346083446,-0.32686022523030667,-0.45732956038002354,-0.5877538136452587
CCCC[P+](CC)(CC)CC.CC1=N[N-]C(=C1)C(F)(F)F,0.8721990007829953,0.3613735627067259,-0.21511695554292973,0.9156740928627205,-0.37409038470292866,0.5901745780358463,1.1428354376228822,0.02164551616064679,0.6666216686923618,-0.1283790073912476,-0.8891279688547548,-0.38874022981722617,0.2803452914355306,-1.174851892203202,-0.9401068061032477,-0.7760138587182511,-0.26917851135846255,-0.32134997848501146,-1.9825437454792616,-0.17627602318732488,-0.37134372443570424,0.1250187038968149,2.020593770127864,0.44058335760740047,-0.69179713114565,-0.28670801650267835,1.0585557140431856,-0.9671232533582276,0.18415138732577313,0.3797667006972858,1.5195098202759363,-0.36214759452153344,-1.3979272037982737,-0.7845803427584016,-1.0036512271015334,-0.7498877432857705,-0.2055566129482595,-0.7801894976054939,-0.11704114719613053,1.3892093224637385,-0.2878200879276962,0.31644836794398146,0.41906881369683135,0.36365839101869557,-1.1503819618023878,-0.3167119315755762,-0.332422584818903,0.30039875279601214,0.8560071637503625,-0.26418584346083446,-0.32686022523030667,-0.45732956038002354,-0.5877538136452587
CCCCCCCC[P+](CC)(CC)CC.CC1=N[N-]C(=C1)C(F)(F)F,0.8721990007829953,0.3613735627067259,-0.4382806212788152,1.2731887514031446,0.13000436925662695,0.5901746274825637,1.142833573393857,1.0400399878599464,0.6666216686923618,-0.1275450538709478,-0.7602765051893033,0.3139376400808038,0.2803452914355306,-1.174851892203202,-0.9401068061032477,-0.7760138587182511,-0.26917851135846255,-0.32134997848501146,-1.9825437454792616,-0.17627602318732488,-0.37134372443570424,1.1674074604705278,2.53929661818824,0.44058335760740047,-0.69179713114565,-0.28670801650267835,1.0585557140431856,-0.9671232533582276,0.18415138732577313,0.3797667006972858,1.5195098202759363,-0.36214759452153344,-1.3979272037982737,-0.7845803427584016,-1.0036512271015334,-0.7498877432857705,-0.2055566129482595,-0.7801894976054939,-0.11704114719613053,1.3892093224637385,-0.2878200879276962,0.31644836794398146,0.41906881369683135,0.36365839101869557,-1.1503819618023878,-0.4100779151303673,-0.332422584818903,0.30039875279601214,1.5260088637561162,-0.26418584346083446,-0.32686022523030667,-0.45732956038002354,-0.5877538136452587
CCCC[P+](CC)(CC)CC.[N-]1N=CC2=CC=C=CC=C12,-1.6881057987142984,-0.7076797536581848,-0.21511695554292973,1.2313466618648263,-0.5533554204510398,0.5901745559181382,3.933931913936447,0.961062147198935,-0.11978946057711495,-0.12836428295627975,-1.0484478748879962,-0.7846582206175955,0.2803452914355306,-1.174851892203202,-0.9401068061032477,-0.7760138587182511,-0.26917851135846255,-0.32134997848501146,-1.9825437454792616,-1.1794383152110404,2.0541364925307932,0.12554500429115614,2.9019875764138257,0.9092725751209776,0.6776951312490074,-0.28670801650267835,1.0585557140431856,-0.9671232533582276,1.633509146327794,3.1893343544202257,1.5195098202759363,-0.36214759452153344,-2.145371645642667,3.8340075088055,-1.0036512271015334,4.079674198848683,-0.2055566129482595,-0.7801894976054939,-0.11704114719613053,2.534019048479743,-0.2878200879276962,0.5191067053228215,1.1608090852603654,0.36365839101869557,-1.1438709618802854,0.03005286454194227,-0.332422584818903,0.30039875279601214,-0.020491086862137794,-0.26418584346083446,-0.32686022523030667,-0.45732956038002354,-0.5877538136452587
CCCCCCCC[P+](CC)(CC)CC.[N-]1N=CC2=CC=C=CC=C12,-1.4897537690021454,-0.7076797536581848,-0.4382806212788152,1.5383537093649133,-0.04926066649148368,0.5901746053545265,3.2325163822534386,2.0091578315631287,-0.11978946057711495,-0.12571086795872605,-0.9063156151912627,-0.17050815864524962,0.2803452914355306,-1.174851892203202,-0.9401068061032477,-0.7760138587182511,-0.26917851135846255,-0.32134997848501146,-1.9825437454792616,-1.1794383152110404,2.0541364925307932,1.167933760864869,3.420690424474202,0.9092725751209776,0.6776951312490074,-0.28670801650267835,1.0585557140431856,-0.9671232533582276,1.633509146327794,3.1893343544202257,1.5195098202759363,-0.36214759452153344,-2.145371645642667,3.8340075088055,-1.0036512271015334,4.079674198848683,-0.2055566129482595,-0.7801894976054939,-0.11704114719613053,2.534019048479743,-0.2878200879276962,0.5191067053228215,1.1608090852603654,0.36365839101869557,-1.1438709618802854,-0.06331311901284921,-0.332422584818903,0.30039875279601214,0.6495106131436162,-0.26418584346083446,-0.32686022523030667,-0.45732956038002354,-0.5877538136452587
CCN1C=C[N+](=C1)C.N#C[B-](C#N)(C#N)C#N,-1.8762641712255033,-0.6222188523851233,1.756751497627722,-1.483364612044863,-1.2574241715880305,-1.717849527302904,-0.30122035751766774,-0.8995364226554966,-2.590403792447726,-0.12838567749377178,-0.6035941578857784,-1.1622932706852522,-1.5196220620743555,0.9082200434608136,-0.7984955340960134,0.46878242726731245,-0.26917851135846255,-0.32134997848501146,2.120442767888825,-1.1794383152110404,4.854723096379397,-0.9254644051043527,-0.6346075846495001,-0.9669629424450438,-0.8181193063290064,4.626770759734365,0.013980158704163127,0.8826427704086719,0.28718584387798923,0.2384393316036858,-0.6500621850727836,-1.1553796562691279,-0.514931556659128,-0.7845803427584016,1.360655519380708,0.32740903653239134,-0.2055566129482595,-0.7801894976054939,-0.11704114719613053,-0.6477119471011874,-0.2878200879276962,3.8465942838711946,0.8074077448140042,1.462406062714555,-0.07014788381721537,1.0089238362565591,-0.332422584818903,0.30039875279601214,-1.3814824919340654,2.632073773739424,-0.32686022523030667,-0.45732956038002354,-0.5877538136452587
CCN1C=C[N+](=C1)C.FC(F)(F)S([O-])(=O)=O,-0.08766101469988406,-0.6222188523851233,0.32605938547149027,-0.9605660537796972,-0.9502936525157526,0.7417115230001614,-0.30122080093863474,-1.0537057187874121,-0.10495151474184213,-0.12838567938462692,-0.46240802391370756,-0.9124239082071378,-0.7160024747530639,0.9082200434608136,0.2467949062872555,0.46878242726731245,-0.26917851135846255,-0.32134997848501146,0.40351958751161127,-0.17627602318732488,-0.37134372443570424,-0.9254644051043527,-0.6346075846495001,-0.9669629424450438,-0.3687022018184469,-0.28670801650267835,0.013980158704163127,0.8826427704086719,0.28718584387798923,0.2384393316036858,-0.6500621850727836,-0.6361659064492021,0.7095458000136364,-0.7845803427584016,0.19478017388231994,0.32740903653239134,-0.2055566129482595,-0.7801894976054939,-0.11704114719613053,-0.6477119471011874,-0.2878200879276962,-0.4011147404754536,-0.07234430604403762,0.36365839101869557,-0.07014788381721537,1.0089238362565591,-0.332422584818903,0.30039875279601214,-1.2247251088027526,-0.26418584346083446,-0.32686022523030667,-0.45732956038002354,-0.5877538136452587
CCN1C=C[N+](=C1)C.FC(F)(F)C(F)(F)[P-](F)(F)(F)(C(F)(F)C(F)(F)F)C(F)(F)C(F)(F)F,2.9292502870711927,-0.6222188523851233,-4.10503115092818,-1.1195980677087882,1.7084944171538425,0.7417115344151508,-0.30122153295997994,-0.04185019411578541,-0.8913626440113203,-0.12838501822764178,3.8248543513324704,-1.254765113488269,-1.5196220620743555,0.9082200434608136,-0.7984955340960134,0.46878242726731245,-0.26917851135846255,-0.32134997848501146,-0.7408172963707236,-1.1794383152110404,-0.37134372443570424,-0.9254644051043527,-0.6346075846495001,-0.9669629424450438,-0.7354807411847579,-0.28670801650267835,0.013980158704163127,0.8826427704086719,0.28718584387798923,0.2384393316036858,1.4041692300175976,0.08125370925462407,-0.514931556659128,-0.7845803427584016,-1.562018291937168,0.32740903653239134,-0.2055566129482595,-0.7801894976054939,-0.11704114719613053,-0.6477119471011874,-0.2878200879276962,-0.4011147404754536,-3.7524131432396857,0.36365839101869557,-0.07014788381721537,-0.8234811287581645,-0.332422584818903,0.30039875279601214,1.8422373000674692,-0.26418584346083446,-0.32686022523030667,-0.45732956038002354,-0.5877538136452587
C[N+](C)(C)CCO.C(F)(F)(F)S(=O)(=O)[N-]S(=O)(=O)C(F)(F)F,0.4515726919955696,0.18935094427866836,0.012322298810140015,-0.6666276255578166,0.1645133153954822,0.7487153928610254,-0.8457638262509721,-0.7689682930245539,0.5627560478454497,-0.12838566298235818,0.693553600656768,-0.04919149544450789,0.9020023259602865,-0.2778445204190573,1.1308793694616406,-0.493379088206518,-0.26917851135846255,-0.32134997848501146,0.30613002228540737,0.8268862688363909,-0.37134372443570424,-0.9254644051043527,-1.1922943628354994,1.1683119515700437,0.7546274185032005,0.04740040568808336,-0.833347902166137,-0.9671232533582276,-0.9403612675143385,-0.9757778215675068,-0.6500621850727836,1.4609432660525414,0.2806293776056855,0.7903154527575308,1.3188854859276566,-0.7498877432857705,-0.2055566129482595,1.2817398889233114,-0.11704114719613053,0.37277143054866446,-0.2878200879276962,0.050174706061401154,-1.1257527026852265,0.36365839101869557,-0.07014788381721537,-0.2817203620146226,-0.332422584818903,-1.2874232262686238,-1.0700201533348772,-0.26418584346083446,2.091905441473963,-0.45732956038002354,1.7013926184468013
CCCCN1C=C[N+](=C1)C.F[P-](F)(F)(F)(F)F,-0.09087648104869425,-0.689943960494205,-1.9438462690310538,0.09172135508675104,-0.7351450627768675,0.7417115344151508,-0.30122153295997994,-0.8968824204906676,0.3550248061516255,-0.12838567609964865,-0.6494259686477559,2.1335265385553877,-1.5196220620743555,0.9082200434608136,-0.7984955340960134,0.46878242726731245,-0.26917851135846255,-0.32134997848501146,-0.7408172963707236,-1.1794383152110404,-0.37134372443570424,-0.2044244440505805,-0.6735915147751234,-0.9669629424450438,-0.6300179797030042,-0.28670801650267835,0.013980158704163127,0.8826427704086719,0.28718584387798923,0.2384393316036858,1.6826292096000968,-1.414125505052332,-0.514931556659128,-0.7845803427584016,-1.562018291937168,0.32740903653239134,-0.2055566129482595,-0.7801894976054939,-0.11704114719613053,-0.6477119471011874,-0.2878200879276962,-0.4011147404754536,0.8074077448140042,0.36365839101869557,-0.07014788381721537,0.8792348581926188,-0.332422584818903,0.30039875279601214,0.5405344330221975,-0.26418584346083446,-0.32686022523030667,-0.45732956038002354,-0.5877538136452587
CCCCN1C=C[N+](=C1)C.F[B-](F)(F)F,-0.7211078854154745,-0.689943960494205,0.370928275753091,-0.22941267704687876,-1.2576577650792071,-1.0901629256028145,-0.3012618421352499,-1.1507193651494843,0.02107467456034788,-0.12838567727845776,-1.033503546834241,0.4789112360708473,1.5274577163542058,0.9082200434608136,-0.7984955340960134,0.46878242726731245,-0.26917851135846255,-0.32134997848501146,-0.7408172963707236,-1.1794383152110404,-0.37134372443570424,-0.2044244440505805,-0.6735915147751234,-0.9669629424450438,-0.692710285343323,-0.28670801650267835,0.013980158704163127,0.8826427704086719,0.28718584387798923,0.2384393316036858,-0.6500621850727836,-1.1087153602292146,-0.514931556659128,-0.7845803427584016,-1.562018291937168,0.32740903653239134,-0.2055566129482595,-0.7801894976054939,-0.11704114719613053,-0.6477119471011874,-0.2878200879276962,-0.4011147404754536,0.8074077448140042,0.36365839101869557,-0.07014788381721537,0.8792348581926188,-0.332422584818903,0.30039875279601214,-0.35360267290703895,-0.26418584346083446,-0.32686022523030667,-0.45732956038002354,-0.5877538136452587
CCCCCCN1C=C[N+](=C1)C.F[P-](F)(F)(F)(F)F,-0.09087648104869425,-0.5783386820252133,-1.9438462690310538,0.41366023441871097,-0.48309768579709,0.7417115344151508,-0.30122153295997994,-0.41479085670976884,0.3550248061516255,-0.12838563176148743,-0.6480127788944066,2.5929179513185274,-1.5196220620743555,0.9082200434608136,-0.7984955340960134,0.46878242726731245,-0.26917851135846255,-0.32134997848501146,-0.7408172963707236,-1.1794383152110404,-0.37134372443570424,0.1430384748073238,-0.15488866671474733,-0.9669629424450438,-0.6300179797030042,-0.28670801650267835,0.013980158704163127,0.8826427704086719,0.28718584387798923,0.2384393316036858,1.6826292096000968,-1.414125505052332,-0.514931556659128,-0.7845803427584016,-1.562018291937168,0.32740903653239134,-0.2055566129482595,-0.7801894976054939,-0.11704114719613053,-0.6477119471011874,-0.2878200879276962,-0.4011147404754536,0.8074077448140042,0.36365839101869557,-0.07014788381721537,0.8048318658448891,-0.332422584818903,0.30039875279601214,0.8755352830250746,-0.26418584346083446,-0.32686022523030667,-0.45732956038002354,-0.5877538136452587
CCCCCCN1C=C[N+](=C1)C.F[B-](F)(F)F,-0.7211078854154745,-0.5783386820252133,0.370928275753091,0.1681818389280922,-1.0056103880994287,-1.0901626761171763,-0.30126276788241646,-0.6808093674814217,0.02107467456034788,-0.12838564545754194,-0.9997640700862985,0.9613157400075895,1.5274577163542058,0.9082200434608136,-0.7984955340960134,0.46878242726731245,-0.26917851135846255,-0.32134997848501146,-0.7408172963707236,-1.1794383152110404,-0.37134372443570424,0.1430384748073238,-0.15488866671474733,-0.9669629424450438,-0.692710285343323,-0.28670801650267835,0.013980158704163127,0.8826427704086719,0.28718584387798923,0.2384393316036858,-0.6500621850727836,-1.1087153602292146,-0.514931556659128,-0.7845803427584016,-1.562018291937168,0.32740903653239134,-0.2055566129482595,-0.7801894976054939,-0.11704114719613053,-0.6477119471011874,-0.2878200879276962,-0.4011147404754536,0.8074077448140042,0.36365839101869557,-0.07014788381721537,0.8048318658448891,-0.332422584818903,0.30039875279601214,-0.018601822904162284,-0.26418584346083446,-0.32686022523030667,-0.45732956038002354,-0.5877538136452587
CCCCCCCCN1C=C[N+](=C1)C.F[P-](F)(F)(F)(F)F,-0.09087648104869425,-0.49901603306860703,-1.9438462690310538,0.674277422449345,-0.23105030881731245,0.7417115344151508,-0.30122153295997994,0.07887096442619566,0.3550248061516255,-0.12838512622970252,-0.6228224675436239,3.0575146315400525,-1.5196220620743555,0.9082200434608136,-0.7984955340960134,0.46878242726731245,-0.26917851135846255,-0.32134997848501146,-0.7408172963707236,-1.1794383152110404,-0.37134372443570424,0.8379643125231325,-0.15488866671474733,-0.9669629424450438,-0.6300179797030042,-0.28670801650267835,0.013980158704163127,0.8826427704086719,0.28718584387798923,0.2384393316036858,1.6826292096000968,-1.414125505052332,-0.514931556659128,-0.7845803427584016,-1.562018291937168,0.32740903653239134,-0.2055566129482595,-0.7801894976054939,-0.11704114719613053,-0.6477119471011874,-0.2878200879276962,-0.4011147404754536,0.8074077448140042,0.36365839101869557,-0.07014788381721537,0.7568395244868937,-0.332422584818903,0.30039875279601214,1.2105361330279512,-0.26418584346083446,-0.32686022523030667,-0.45732956038002354,-0.5877538136452587
CCCCCCCCN1C=C[N+](=C1)C.F[B-](F)(F)F,-0.7211078854154745,-0.49901603306860703,0.370928275753091,0.48207224627675255,-0.7535630111196556,-1.0901624264558345,-0.3012628963411929,-0.19761732771269108,0.02107467456034788,-0.12838528298279372,-0.9518062146216928,1.4431606015411353,1.5274577163542058,0.9082200434608136,-0.7984955340960134,0.46878242726731245,-0.26917851135846255,-0.32134997848501146,-0.7408172963707236,-1.1794383152110404,-0.37134372443570424,0.8379643125231325,-0.15488866671474733,-0.9669629424450438,-0.692710285343323,-0.28670801650267835,0.013980158704163127,0.8826427704086719,0.28718584387798923,0.2384393316036858,-0.6500621850727836,-1.1087153602292146,-0.514931556659128,-0.7845803427584016,-1.562018291937168,0.32740903653239134,-0.2055566129482595,-0.7801894976054939,-0.11704114719613053,-0.6477119471011874,-0.2878200879276962,-0.4011147404754536,0.8074077448140042,0.36365839101869557,-0.07014788381721537,0.7568395244868937,-0.332422584818903,0.30039875279601214,0.31639902709871515,-0.26418584346083446,-0.32686022523030667,-0.45732956038002354,-0.5877538136452587
CCN1C=C[N+](=C1)C.C(F)(F)(F)S(=O)(=O)[N-]S(=O)(=O)C(F)(F)F,0.4515726919955696,-0.6222188523851233,0.012322298810140015,-1.2579724031560418,0.22735894888708946,0.748715412254562,-0.3012214975590003,-0.3179788788424639,-0.4907381064589443,-0.12838566474036217,1.1339943548013065,-0.6191399332712528,-0.7910820630141254,0.9082200434608136,1.2724906414688748,0.46878242726731245,-0.26917851135846255,-0.32134997848501146,1.5478564713939458,0.8268862688363909,-0.37134372443570424,-0.9254644051043527,-0.6346075846495001,-0.9669629424450438,0.7546274185032005,-0.28670801650267835,0.013980158704163127,0.8826427704086719,0.6360814994870673,0.2384393316036858,-0.6500621850727836,-0.24154728634953318,1.911069466589225,0.7903154527575308,0.9681400579615984,0.32740903653239134,-0.2055566129482595,1.2817398889233114,-0.11704114719613053,-0.6477119471011874,-0.2878200879276962,-0.4011147404754536,-1.1257527026852265,0.36365839101869557,-0.07014788381721537,1.0089238362565591,-0.332422584818903,0.30039875279601214,-0.7919548489746329,0.45987906083923025,-0.32686022523030667,-0.45732956038002354,-0.5877538136452587
CCCCN1C=C[N+](=C1)C.C(F)(F)(F)S(=O)(=O)[N-]S(=O)(=O)C(F)(F)F,0.4515726919955696,-0.689943960494205,0.012322298810140015,-0.9053233542043285,0.47940632586686754,0.7487154571833908,-0.3012628743649093,0.18594987412508915,-0.4907381064589443,-0.1283855019065713,0.9043743385553882,-0.3176149279122923,-0.7910820630141254,0.9082200434608136,1.2724906414688748,0.46878242726731245,-0.26917851135846255,-0.32134997848501146,1.5478564713939458,0.8268862688363909,-0.37134372443570424,-0.2044244440505805,-0.6735915147751234,-0.9669629424450438,0.7546274185032005,-0.28670801650267835,0.013980158704163127,0.8826427704086719,0.6360814994870673,0.2384393316036858,-0.6500621850727836,-0.24154728634953318,1.911069466589225,0.7903154527575308,0.9681400579615984,0.32740903653239134,-0.2055566129482595,1.2817398889233114,-0.11704114719613053,-0.6477119471011874,-0.2878200879276962,-0.4011147404754536,-1.1257527026852265,0.36365839101869557,-0.07014788381721537,0.8792348581926188,-0.332422584818903,0.30039875279601214,-0.45695399897175665,0.45987906083923025,-0.32686022523030667,-0.45732956038002354,-0.5877538136452587
CCCCCCN1C=C[N+](=C1)C.C(F)(F)(F)S(=O)(=O)[N-]S(=O)(=O)C(F)(F)F,0.4515726919955696,-0.5783386820252133,0.012322298810140015,-0.6049186088010177,0.7314537028466456,0.7487155021212264,-0.301263798429661,0.6983867035103615,-0.4907381064589443,-0.1283836544885674,0.7717873116747891,-0.000432213888889117,-0.7910820630141254,0.9082200434608136,1.2724906414688748,0.46878242726731245,-0.26917851135846255,-0.32134997848501146,1.5478564713939458,0.8268862688363909,-0.37134372443570424,0.1430384748073238,-0.15488866671474733,-0.9669629424450438,0.7546274185032005,-0.28670801650267835,0.013980158704163127,0.8826427704086719,0.6360814994870673,0.2384393316036858,-0.6500621850727836,-0.24154728634953318,1.911069466589225,0.7903154527575308,0.9681400579615984,0.32740903653239134,-0.2055566129482595,1.2817398889233114,-0.11704114719613053,-0.6477119471011874,-0.2878200879276962,-0.4011147404754536,-1.1257527026852265,0.36365839101869557,-0.07014788381721537,0.8048318658448891,-0.332422584818903,0.30039875279601214,-0.12195314896887961,0.45987906083923025,-0.32686022523030667,-0.45732956038002354,-0.5877538136452587
CCCCCCCCN1C=C[N+](=C1)C.C(F)(F)(F)S(=O)(=O)[N-]S(=O)(=O)C(F)(F)F,0.4515726919955696,-0.49901603306860703,0.012322298810140015,-0.3459490006947151,0.9835010798264232,0.748715547068901,-0.30126392598583795,1.218869762447213,-0.4907381064589443,-0.1283628360052925,0.6970545099341948,0.3305133588101114,-0.7910820630141254,0.9082200434608136,1.2724906414688748,0.46878242726731245,-0.26917851135846255,-0.32134997848501146,1.5478564713939458,0.8268862688363909,-0.37134372443570424,0.8379643125231325,-0.15488866671474733,-0.9669629424450438,0.7546274185032005,-0.28670801650267835,0.013980158704163127,0.8826427704086719,0.6360814994870673,0.2384393316036858,-0.6500621850727836,-0.24154728634953318,1.911069466589225,0.7903154527575308,0.9681400579615984,0.32740903653239134,-0.2055566129482595,1.2817398889233114,-0.11704114719613053,-0.6477119471011874,-0.2878200879276962,-0.4011147404754536,-1.1257527026852265,0.36365839101869557,-0.07014788381721537,0.7568395244868937,-0.332422584818903,0.30039875279601214,0.2130477010339978,0.45987906083923025,-0.32686022523030667,-0.45732956038002354,-0.5877538136452587
COCC[P+](CC)(CC)CC.C(F)(F)(F)S(=O)(=O)[N-]S(=O)(=O)C(F)(F)F,0.4515726919955696,0.18935094427866836,-0.11823466706565693,-0.07943249720424943,0.8210457910779969,0.748715986154235,1.4065928800154985,0.14554900796770448,1.2601395021032877,-0.12838380526222437,0.5627204726224032,-0.058590437945665,0.045035878392730155,-1.174851892203202,1.1308793694616406,-0.7760138587182511,-0.26917851135846255,-0.32134997848501146,0.30613002228540737,0.8268862688363909,-0.37134372443570424,-0.9254644051043527,0.48076597172249835,1.4699339781353742,1.5763219947243161,-0.28670801650267835,-0.833347902166137,-0.9671232533582276,-0.9403612675143385,-0.9757778215675068,1.5195098202759363,1.1682066738399752,0.8538759388910654,0.7903154527575308,0.9810396271162175,-0.7498877432857705,-0.2055566129482595,1.2817398889233114,-0.11704114719613053,0.29847544646206514,-0.2878200879276962,-0.4011147404754536,-1.1257527026852265,0.36365839101869557,-0.07014788381721537,0.0169795496837716,-0.332422584818903,-1.2874232262686238,0.2289346934078841,-0.9882507477608992,-0.32686022523030667,1.6578196563775853,-0.5877538136452587
CCN1C=C[N+](=C1)C.N#CC1=CC=C[N-]1,-1.7580314735797558,-0.6222188523851233,1.756751497627722,-0.8793267896982728,-1.4711712003798572,-1.7178482589883526,-0.3012201721943109,-0.6778488216124402,-1.4848804774222444,-0.12838567461085262,-1.1930088948123199,-1.2556602655619324,-0.6398850079112576,0.9082200434608136,-0.7984955340960134,0.46878242726731245,-0.26917851135846255,-0.32134997848501146,-0.7408172963707236,-0.3085300012305735,-0.37134372443570424,0.04386472065088154,-0.6346075846495001,-0.2138219024704865,-1.5134917073667655,0.9416616775565824,0.9386512150091629,0.8826427704086719,2.311857079459243,1.5634886359466413,-0.6500621850727836,-1.414125505052332,-0.514931556659128,-0.7845803427584016,-0.39829287463121693,3.1522923156577027,-0.2055566129482595,-0.7801894976054939,8.544003745317529,0.34783672979839225,1.088946066167672,0.6831666391012939,0.7850442240459853,0.36365839101869557,0.9164800004826678,1.0089238362565591,-0.332422584818903,1.8882207318606479,-1.0254592866169865,1.183943965139295,-0.32686022523030667,-0.45732956038002354,-0.5877538136452587
CCN1C=C[N+](=C1)C.[N-]1C=NC=N1,-2.259226213368786,-0.6222188523851233,1.756751497627722,-0.6693545379185916,-1.6781170648324206,-1.7070836126311726,-0.3012200741288227,-1.1671362945139037,-0.9358764815171381,-0.12838567879170554,-1.3707988030015261,-1.300439958384576,0.2600986688436852,0.9082200434608136,-0.7984955340960134,0.46878242726731245,-0.26917851135846255,2.163249333983613,-0.7408172963707236,-1.1794383152110404,-0.37134372443570424,-0.5817936466549337,-0.6346075846495001,-0.7326183336882558,-1.5134917073667655,-0.28670801650267835,2.830554831218486,0.8826427704086719,1.3528535316757901,1.5939838538684787,-0.6500621850727836,-0.9896461262413141,-0.514931556659128,-0.7845803427584016,-0.3371734874462382,1.814261212559825,-0.2055566129482595,-0.7801894976054939,-0.11704114719613053,2.384757999363318,1.0329645340576608,0.42204226810696543,0.8074077448140042,0.36365839101869557,-0.07014788381721537,1.0089238362565591,-0.332422584818903,1.8882207318606479,-1.4899090679949814,1.9080088694393595,-0.32686022523030667,-0.45732956038002354,-0.5877538136452587
CCN1C=C[N+](=C1)C.[N-]1C=CN=N1,-2.259226213368786,-0.6222188523851233,1.756751497627722,-0.6693545379185916,-1.6781170648324206,-1.6862910865224443,-0.3012200717246434,-1.1671362945139037,-0.9358764815171378,-0.1283856787265678,-1.3707988030015261,-1.300439958384576,0.2803452914355306,0.9082200434608136,-0.7984955340960134,0.46878242726731245,-0.26917851135846255,2.219144508385991,-0.7408172963707236,-1.1794383152110404,-0.37134372443570424,-0.25235049870753845,-0.6346075846495001,-0.7326183336882558,-1.5134917073667655,-0.28670801650267835,2.873116334817809,0.8826427704086719,1.3307947669804945,1.5939838538684787,-0.6500621850727836,-0.9799881235766214,-0.514931556659128,-0.7845803427584016,-0.3371734874462382,1.7834841488811328,-0.2055566129482595,-0.7801894976054939,-0.11704114719613053,2.4305819151290846,-0.2878200879276962,0.8220698247149654,0.8074077448140042,0.36365839101869557,-0.07014788381721537,1.0089238362565591,-0.332422584818903,1.8882207318606479,-1.4899090679949814,1.9080088694393595,-0.32686022523030667,-0.45732956038002354,-0.5877538136452587
CCN1C=C[N+](=C1)C.[O-][N+](=O)C1=C[N-]N=C1,-0.5549325845089681,-0.6222188523851233,1.756751497627722,-1.0580531706774063,-1.2827241435554881,-1.4966214452224893,-0.3012203077365152,-0.805446487457063,-1.7222876107866143,-0.1283856749019761,-0.9838093286976535,-1.2960613263253504,0.2803452914355306,0.9082200434608136,-0.7984955340960134,0.46878242726731245,3.6406952574917097,4.60738045841933,-0.7408172963707236,-1.1794383152110404,-0.37134372443570424,-0.5889074519059455,-0.6346075846495001,0.09871196397557198,-0.8700069782299357,-0.28670801650267835,1.905883774913486,0.8826427704086719,2.185773868026114,1.5939838538684787,-0.6500621850727836,-0.9922002230811013,-0.514931556659128,-0.7845803427584016,0.591902624285222,0.32740903653239134,-0.2055566129482595,-0.7801894976054939,-0.11704114719613053,1.3892093224637385,3.4613864666183236,1.7050729011887091,0.7078540072015322,0.36365839101869557,-0.07014788381721537,1.0089238362565591,-0.332422584818903,1.8882207318606479,-1.2695521899874496,1.9080088694393595,-0.32686022523030667,-0.45732956038002354,-0.5877538136452587
CCN1C=C[N+](=C1)C.[O-][N+](=O)C1=N[N-]C=C1,-0.5927464687709759,-0.6222188523851233,1.756751497627722,-1.0580531706774063,-1.2827241435554881,-1.4964057670879847,-0.30122032002764676,-0.7549132212531038,-1.7222876107866143,-0.12838567475858922,-0.9838093286976535,-1.2960613263253504,1.1656703838164482,0.9082200434608136,-0.7984955340960134,0.46878242726731245,-0.26917851135846255,-0.32134997848501146,-0.7408172963707236,-1.1794383152110404,2.095997039990323,-0.9254644051043527,-0.23389119422473004,-0.8497906380666498,-0.8552445490165598,-0.28670801650267835,1.905883774913486,0.8826427704086719,2.1747444856784663,1.5939838538684787,-0.6500621850727836,-0.9922002230811013,-0.514931556659128,-0.7845803427584016,0.591902624285222,0.32740903653239134,-0.2055566129482595,-0.7801894976054939,-0.11704114719613053,1.3892093224637385,3.4401704147881556,1.6934368412594123,0.8074077448140042,0.22832599045667337,-0.5605868389885655,1.0089238362565591,-0.332422584818903,1.8882207318606479,-1.2695521899874496,1.9080088694393595,-0.32686022523030667,-0.45732956038002354,-0.5877538136452587
CCN1C=C[N+](=C1)C.FC(F)(F)C1=N[N-]C=C1,0.6722823021778949,-0.6222188523851233,1.0283725668151675,-0.9710793703078816,-1.0760837475144638,-1.0973528318733314,-0.3012206007312336,-0.762738644671197,-1.143607723210962,-0.1283856731718993,-0.7385395890580986,-1.1107754494920596,0.2803452914355306,1.6943683726477863,-0.7984955340960134,0.46878242726731245,-0.26917851135846255,-0.32134997848501146,-0.7408172963707236,0.2938705454066609,-0.37134372443570424,-0.5960212571569574,-0.6346075846495001,-0.8497906380666498,-1.5134917073667655,-0.28670801650267835,1.905883774913486,0.8826427704086719,1.8010820002556391,1.5939838538684787,-0.6500621850727836,-1.1994713149806497,0.2325128851852651,-0.7845803427584016,-0.7330674074534621,0.32740903653239134,-0.2055566129482595,-0.7801894976054939,-0.11704114719613053,1.3892093224637385,-0.2878200879276962,0.31171551911694,0.5891830663518822,0.36365839101869557,-0.9601254705721227,1.0089238362565591,-0.332422584818903,1.8882207318606479,-0.7926847918674871,1.183943965139295,-0.32686022523030667,-0.45732956038002354,-0.5877538136452587
CCN1C=C[N+](=C1)C.CC1=N[N-]C(=C1)C(F)(F)F,0.8721990007829953,-0.6222188523851233,0.9476085643082854,-0.742122699249645,-0.9500600590245757,-1.0973526762791241,-0.30122065837616796,-0.6189599785178741,-1.1436077232109623,-0.1283856578440852,-0.7418198893742005,-1.126129179462297,0.2803452914355306,0.9082200434608136,-0.7984955340960134,0.46878242726731245,-0.26917851135846255,-0.32134997848501146,-0.7408172963707236,-0.17627602318732488,-0.37134372443570424,-0.5960212571569574,0.3865173656954896,-0.8497906380666498,-1.5134917073667655,-0.28670801650267835,1.905883774913486,0.8826427704086719,1.7605941543271784,1.5939838538684787,-0.6500621850727836,-1.1994713149806497,0.2325128851852651,-0.7845803427584016,-0.7330674074534621,0.32740903653239134,-0.2055566129482595,-0.7801894976054939,-0.11704114719613053,1.3892093224637385,-0.2878200879276962,0.31644836794398146,0.41906881369683135,0.36365839101869557,-1.1503819618023878,0.6621590401390408,-0.332422584818903,1.8882207318606479,-0.6602559759768346,1.183943965139295,-0.32686022523030667,-0.45732956038002354,-0.5877538136452587
CCN1C=C[N+](=C1)C.[N-]1C=NN=N1,-2.259226213368786,-0.6222188523851233,1.756751497627722,-0.8093360391050456,-1.6692405121677016,-1.6648684393141804,-0.3012200830326185,-1.2719528749311082,-1.0397421023640498,-0.12838567919508556,-1.3187360746421792,-1.3120024355693691,-0.6196383853194124,0.9082200434608136,-0.7984955340960134,0.46878242726731245,-0.26917851135846255,4.703743820854616,-0.7408172963707236,-0.7823709700231655,-0.37134372443570424,-0.9254644051043527,-0.12156578499868859,-0.8497906380666498,-1.5134917073667655,-0.28670801650267835,3.8403488947221316,0.8826427704086719,0.8200196877768896,1.5939838538684787,-0.6500621850727836,-0.760504932172593,-0.514931556659128,-0.7845803427584016,0.05872043256098567,1.0708351245461083,-0.2055566129482595,-0.7801894976054939,-0.11704114719613053,3.4719545077944307,-0.2878200879276962,1.2099384890248497,0.8074077448140042,0.36365839101869557,-0.07014788381721537,1.0089238362565591,-0.332422584818903,1.8882207318606479,-1.749682862216642,2.632073773739424,-0.32686022523030667,-0.45732956038002354,-0.5877538136452587
CCCCC[N+](C)(C)CC.C(F)(F)(F)S(=O)(=O)[N-]S(=O)(=O)C(F)(F)F,0.4515726919955696,0.18935094427866836,0.012322298810140015,0.02015434221125679,0.5248672129958915,0.7487154547584054,-0.8950190841757462,0.22042424885691422,0.6221078311865424,-0.12838440722313296,0.28145887636752914,0.30846326480547936,0.00023121088838634436,-1.174851892203202,1.1308793694616406,-0.7760138587182511,-0.26917851135846255,-0.32134997848501146,0.30613002228540737,0.8268862688363909,-0.37134372443570424,-0.2044244440505805,0.40279811147125183,0.7705424821454364,0.7546274185032005,-0.28670801650267835,-0.833347902166137,-0.9671232533582276,-0.9403612675143385,-0.9757778215675068,-0.6500621850727836,0.8893119734648872,0.2806293776056855,0.7903154527575308,0.6975562383135268,-0.7498877432857705,-0.2055566129482595,1.2817398889233114,-0.11704114719613053,-0.6477119471011874,-0.2878200879276962,-0.4011147404754536,-1.1257527026852265,0.36365839101869557,-0.07014788381721537,-1.1363397052006243,-0.332422584818903,-1.2874232262686238,0.041210556492660096,-0.26418584346083446,-0.32686022523030667,-0.45732956038002354,1.7013926184468013
CCCCCCC[N+](C)(C)CC.C(F)(F)(F)S(=O)(=O)[N-]S(=O)(=O)C(F)(F)F,0.4515726919955696,0.18935094427866836,0.012322298810140015,0.25200518417637596,0.7769145899756695,0.7487154996957001,-0.8950257954947294,0.7319810689041065,0.6221078311865424,-0.12837122013718646,0.25625391276758774,0.679180900838902,0.00023121088838634436,-1.174851892203202,1.1308793694616406,-0.7760138587182511,-0.26917851135846255,-0.32134997848501146,0.30613002228540737,0.8268862688363909,-0.37134372443570424,0.49050139366522816,0.40279811147125183,0.7705424821454364,0.7546274185032005,-0.28670801650267835,-0.833347902166137,-0.9671232533582276,-0.9403612675143385,-0.9757778215675068,-0.6500621850727836,0.8893119734648872,0.2806293776056855,0.7903154527575308,0.6975562383135268,-0.7498877432857705,-0.2055566129482595,1.2817398889233114,-0.11704114719613053,-0.6477119471011874,-0.2878200879276962,-0.4011147404754536,-1.1257527026852265,0.36365839101869557,-0.07014788381721537,-1.2387191955755041,-0.332422584818903,-1.2874232262686238,0.37621140649553714,-0.26418584346083446,-0.32686022523030667,-0.45732956038002354,1.7013926184468013
CC[N+](C)(C)CCOC(C)=O.C(F)(F)(F)S(=O)(=O)[N-]S(=O)(=O)C(F)(F)F,0.5049882322527303,0.18935094427866836,0.012322298810140015,-0.5593690727006637,0.6682127572930464,0.7487154881246715,-0.8947706999483483,0.019812037040286088,-0.1643032980829351,-0.12838526361558072,0.8778568908772107,0.288300182922201,0.836349152295242,0.6277403929387876,1.1308793694616406,-0.7760138587182511,-0.26917851135846255,2.0150389626243657,0.30613002228540737,0.8268862688363909,-0.37134372443570424,-0.9254644051043527,-0.6346075846495001,0.44953617442773075,1.430009151136871,-0.28670801650267835,-0.833347902166137,-0.9671232533582276,-0.9403612675143385,-0.9757778215675068,-0.6500621850727836,1.4167522331233584,1.4341021308941866,0.7903154527575308,1.5053149734717883,-0.7498877432857705,-0.2055566129482595,1.2817398889233114,-0.11704114719613053,0.29847544646206514,4.432299922535958,-0.4011147404754536,-1.1257527026852265,-0.12561961195029137,-0.07014788381721537,-1.540317599177254,-0.332422584818903,-1.2874232262686238,-0.6574306676033161,-0.26418584346083446,2.091905441473963,1.6578196563775853,1.7013926184468013
CC[N+](C)(C)CCOCCOC.C(F)(F)(F)S(=O)(=O)[N-]S(=O)(=O)C(F)(F)F,0.4515726919955696,0.18935094427866836,0.012322298810140015,-0.1716425337000884,0.8123489257141832,0.7487155118857346,-0.8954493898996301,0.32179600592079627,0.5034042645043572,-0.12838298934291847,0.6615374180188586,0.6641382534380947,1.6724670937020973,-0.2778445204190573,1.1308793694616406,-0.7760138587182511,-0.26917851135846255,-0.32134997848501146,0.30613002228540737,0.8268862688363909,-0.37134372443570424,-0.9254644051043527,-0.6346075846495001,2.951726514119678,0.7546274185032005,-0.28670801650267835,-0.833347902166137,-0.9671232533582276,-0.9403612675143385,-0.9757778215675068,-0.6500621850727836,2.0140079626358984,1.4271225001764452,0.7903154527575308,1.2645230159189074,-0.7498877432857705,-0.2055566129482595,1.2817398889233114,-0.11704114719613053,1.2446628400253177,-0.2878200879276962,-0.4011147404754536,-1.1257527026852265,0.36365839101869557,-0.07014788381721537,-2.2180045568760036,-0.332422584818903,-1.2874232262686238,-0.6145357881938224,-0.26418584346083446,2.091905441473963,3.772968873135194,1.7013926184468013
CCN1C=C[N+](=C1)C.COS([O-])(=O)=O,-0.8884246768758073,-0.6222188523851233,0.8210552840268474,-0.3686799869007491,-1.2914389776493922,0.743377266687844,-0.3012205313939829,-1.0341950514075005,0.14729356445780162,-0.12838567902208606,-1.1066506300798031,-0.5622358168265891,-0.7160024747530639,0.9082200434608136,-0.7984955340960134,2.5223876863888752,-0.26917851135846255,1.7170771249749304,0.40351958751161127,-1.1794383152110404,-0.37134372443570424,-0.9254644051043527,-0.6346075846495001,-0.01384255654594465,-0.3369234650507742,-0.28670801650267835,0.013980158704163127,0.8826427704086719,0.28718584387798923,0.2384393316036858,-0.6500621850727836,-0.5717689162518804,1.2497660386890284,-0.7845803427584016,0.4782635626850102,0.32740903653239134,-0.2055566129482595,-0.7801894976054939,-0.11704114719613053,0.18785850135268403,-0.2878200879276962,-0.4011147404754536,0.8074077448140042,0.36365839101869557,-0.07014788381721537,1.0089238362565591,-0.332422584818903,0.30039875279601214,-1.6362411491036455,-0.26418584346083446,-0.32686022523030667,-0.45732956038002354,-0.5877538136452587
CCCCN1C=C[N+](=C1)C.COS([O-])(=O)=O,-0.8884246768758073,-0.689943960494205,0.8210552840268474,0.07117260005439101,-1.0393916006696133,0.7433772895924932,-0.3012619156121188,-0.5589066382279129,0.14729356445780162,-0.12838566543625496,-1.072151057180167,-0.12709682622217755,-0.7160024747530639,0.9082200434608136,-0.7984955340960134,2.5223876863888752,-0.26917851135846255,1.7170771249749304,0.40351958751161127,-1.1794383152110404,-0.37134372443570424,-0.2044244440505805,-0.6735915147751234,-0.01384255654594465,-0.3369234650507742,-0.28670801650267835,0.013980158704163127,0.8826427704086719,0.28718584387798923,0.2384393316036858,-0.6500621850727836,-0.5717689162518804,1.2497660386890284,-0.7845803427584016,0.4782635626850102,0.32740903653239134,-0.2055566129482595,-0.7801894976054939,-0.11704114719613053,0.18785850135268403,-0.2878200879276962,-0.4011147404754536,0.8074077448140042,0.36365839101869557,-0.07014788381721537,0.8792348581926188,-0.332422584818903,0.30039875279601214,-1.3012402991007692,-0.26418584346083446,-0.32686022523030667,-0.45732956038002354,-0.5877538136452587
CCCCN1C=C[N+](=C1)C.FC(F)(F)S([O-])(=O)=O,-0.08766101469988406,-0.689943960494205,0.32605938547149027,-0.503820857944134,-0.6982462755359765,0.7417115458301401,-0.3012621830882069,-0.5772512111010304,-0.10495151474184213,-0.1283856697016217,-0.5215480162028892,-0.5579445976088895,-0.7160024747530639,0.9082200434608136,0.2467949062872555,0.46878242726731245,-0.26917851135846255,-0.32134997848501146,0.40351958751161127,-0.17627602318732488,-0.37134372443570424,-0.2044244440505805,-0.6735915147751234,-0.9669629424450438,-0.3687022018184469,-0.28670801650267835,0.013980158704163127,0.8826427704086719,0.28718584387798923,0.2384393316036858,-0.6500621850727836,-0.6361659064492021,0.7095458000136364,-0.7845803427584016,0.19478017388231994,0.32740903653239134,-0.2055566129482595,-0.7801894976054939,-0.11704114719613053,-0.6477119471011874,-0.2878200879276962,-0.4011147404754536,-0.07234430604403762,0.36365839101869557,-0.07014788381721537,0.8792348581926188,-0.332422584818903,0.30039875279601214,-0.8897242587998763,-0.26418584346083446,-0.32686022523030667,-0.45732956038002354,-0.5877538136452587
CCCCN1C=C[N+](=C1)C.FC(F)(F)C(F)(F)S(=O)(=O)[N-]S(=O)(=O)C(F)(F)C(F)(F)F,1.0681547698204608,-0.689943960494205,-0.43419218855376435,-1.0763975206312761,1.3779686115036982,0.7487062224071058,-0.3012634382573584,0.6786858765892869,-0.9062005898465928,-0.12838366161686823,2.305428888116238,-0.47925826933484356,-0.7910820630141254,0.9082200434608136,1.2724906414688748,0.46878242726731245,-0.26917851135846255,-0.32134997848501146,1.5478564713939458,2.164435991534679,-0.37134372443570424,-0.2044244440505805,-0.6735915147751234,-0.9669629424450438,0.7546274185032005,-0.28670801650267835,0.013980158704163127,0.8826427704086719,0.6360814994870673,0.2384393316036858,-0.6500621850727836,0.25712893999724123,1.911069466589225,0.7903154527575308,0.9681400579615984,0.32740903653239134,4.864839839775475,-0.7801894976054939,-0.11704114719613053,-0.6477119471011874,-0.2878200879276962,-2.237259835855609,0.8074077448140042,0.36365839101869557,-0.07014788381721537,0.8792348581926188,-0.332422584818903,0.30039875279601214,0.08861390671096007,0.45987906083923025,-0.32686022523030667,-0.45732956038002354,-0.5877538136452587
CCCCN1C=C[N+](=C1)C.FC(F)(F)C([O-])=O,-0.18894820468740264,-0.689943960494205,0.7712968351889171,-0.5429006607963746,-1.0221775572428922,-1.0973143734927506,-0.30126250836485535,-0.8994756708582897,-0.7578211314938605,-0.1283856721632354,-0.7838710775758922,-0.37210786865269485,0.22804465621553308,1.7323891201994108,-0.7984955340960134,0.46878242726731245,-0.26917851135846255,-0.32134997848501146,-0.7408172963707236,-0.17627602318732488,-0.37134372443570424,-0.2044244440505805,-0.6735915147751234,-0.9669629424450438,-0.8381099747330949,-0.28670801650267835,0.013980158704163127,0.8826427704086719,0.28718584387798923,1.596069695318809,-0.6500621850727836,-0.9027963329643405,0.0652946353439933,-0.7845803427584016,-0.32949517247325094,0.32740903653239134,-0.2055566129482595,-0.7801894976054939,-0.11704114719613053,-0.6477119471011874,3.3130259181315194,0.7524601663082541,0.8074077448140042,-0.2510156940514685,-0.07014788381721537,0.8792348581926188,-0.332422584818903,0.30039875279601214,-1.2129601468826314,-0.26418584346083446,-0.32686022523030667,-0.45732956038002354,-0.5877538136452587
CN1C=C[N+](=C1)C.C(F)(F)(F)S(=O)(=O)[N-]S(=O)(=O)C(F)(F)F,0.4515726919955696,-0.45306909491723396,0.012322298810140015,-1.4583411809695148,0.10133526039720095,0.7487153897777912,-0.30101113184201006,-0.6638593209176913,-0.4907381064589443,-0.1283856757746795,1.307997358490414,-0.7495247589800329,-0.7910820630141254,0.9082200434608136,1.2724906414688748,0.46878242726731245,-0.26917851135846255,-0.32134997848501146,1.5478564713939458,0.8268862688363909,-0.37134372443570424,-0.9254644051043527,-1.1922943628354994,-0.8088485683171275,0.7546274185032005,-0.28670801650267835,0.013980158704163127,2.732408794175571,0.6360814994870673,0.2384393316036858,-0.6500621850727836,-0.24154728634953318,1.9690332101467303,0.7903154527575308,0.9681400579615984,0.32740903653239134,-0.2055566129482595,1.2817398889233114,-0.11704114719613053,-0.6477119471011874,-0.2878200879276962,-0.4011147404754536,-1.1257527026852265,0.36365839101869557,-0.07014788381721537,1.4545882833847665,-0.332422584818903,0.30039875279601214,-0.9993015683624683,0.45987906083923025,-0.32686022523030667,-0.45732956038002354,-0.5877538136452587
CCCC[N+](C)(C)CC.C(F)(F)(F)S(=O)(=O)[N-]S(=O)(=O)C(F)(F)F,0.4515726919955696,0.18935094427866836,0.012322298810140015,-0.11026175639412303,0.3988435245060029,0.748715432293445,-0.8949616383883937,-0.03193966377325513,0.6221078311865424,-0.1283853038642599,0.30699166056413113,0.026312771577726872,0.00023121088838634436,-1.174851892203202,1.1308793694616406,-0.7760138587182511,-0.26917851135846255,-0.32134997848501146,0.30613002228540737,0.8268862688363909,-0.37134372443570424,-0.2044244440505805,-0.11590473658912409,0.7705424821454364,0.7546274185032005,-0.28670801650267835,-0.833347902166137,-0.9671232533582276,-0.9403612675143385,-0.9757778215675068,-0.6500621850727836,0.8893119734648872,0.2806293776056855,0.7903154527575308,0.6975562383135268,-0.7498877432857705,-0.2055566129482595,1.2817398889233114,-0.11704114719613053,-0.6477119471011874,-0.2878200879276962,-0.4011147404754536,-1.1257527026852265,0.36365839101869557,-0.07014788381721537,-1.0672923030420114,-0.332422584818903,-1.2874232262686238,-0.12628986850877824,-0.26418584346083446,-0.32686022523030667,-0.45732956038002354,1.7013926184468013
CCCC[N+]1(C)CCCC1.C(F)(F)(F)S(=O)(=O)[N-]S(=O)(=O)C(F)(F)F,0.4515726919955696,0.18935094427866836,0.012322298810140015,1.2263949352922443,0.5067547330646437,0.748715457120229,-0.9199158371173666,0.21201809710552114,0.6221078311865424,-0.12838482269021587,0.3918898702546482,-0.30281067537210765,0.00023121088838634436,-1.174851892203202,1.1308793694616406,-0.7760138587182511,-0.26917851135846255,-0.32134997848501146,0.30613002228540737,0.8268862688363909,-0.37134372443570424,-0.2044244440505805,-0.6735915147751234,0.6124281080175201,0.7546274185032005,-0.28670801650267835,-0.833347902166137,-0.9671232533582276,-0.9403612675143385,-0.9757778215675068,-0.6500621850727836,0.8691474831751127,0.2806293776056855,0.7903154527575308,0.6975562383135268,-0.7498877432857705,-0.2055566129482595,1.2817398889233114,-0.11704114719613053,-0.6477119471011874,-0.2878200879276962,-0.4011147404754536,-1.1257527026852265,0.36365839101869557,-0.07014788381721537,-0.5037175568319878,2.400829779247633,0.30039875279601214,-0.06441647388507347,-0.26418584346083446,-0.32686022523030667,-0.45732956038002354,1.7013926184468013
CCCC[N+]1=CC=CC=C1.C(F)(F)(F)S(=O)(=O)[N-]S(=O)(=O)C(F)(F)F,0.4515726919955696,-0.6152917670792949,0.012322298810140015,-1.0820999928455077,0.4524172932709005,0.7487154537960895,-0.3731610684343809,0.0999203812087003,-0.5797657814705832,-0.12838554723715093,1.0554830319845516,-0.22046349727039163,-0.7910820630141254,0.4791861618283712,2.4063068163099697,-0.7760138587182511,-0.26917851135846255,-0.32134997848501146,0.9269932468396765,0.8268862688363909,-0.37134372443570424,0.1250187038968149,-1.1922943628354994,-2.35295145390034,0.7546274185032005,-0.28670801650267835,-0.833347902166137,-0.9671232533582276,1.6355728931989804,0.2384393316036858,-0.6500621850727836,-0.43382190020702865,1.0668675503187022,0.7903154527575308,0.8167236866942892,-0.21123935337668956,-0.2055566129482595,1.2817398889233114,-0.11704114719613053,-0.6477119471011874,-0.2878200879276962,-0.4011147404754536,-1.1257527026852265,0.36365839101869557,-2.613934155038764,1.2759222589584105,-0.332422584818903,0.30039875279601214,-0.17292033801699713,-0.26418584346083446,-0.32686022523030667,-0.45732956038002354,-0.5877538136452587
CC[N+](C)(C)CCN(C)C.C(F)(F)(F)S(=O)(=O)[N-]S(=O)(=O)C(F)(F)F,0.4515726919955696,0.18935094427866836,0.012322298810140015,-0.10982848031902204,0.5337437656606107,0.7487154578404722,-0.892826465083094,0.05666779815077353,0.5627560478454497,-0.12838492192630777,0.3839230764157327,0.30116840924222726,0.8651290298027942,-1.174851892203202,1.1308793694616406,-0.7760138587182511,-0.26917851135846255,-0.32134997848501146,0.30613002228540737,0.8268862688363909,-0.37134372443570424,-0.9254644051043527,0.5009404837100684,0.7705424821454364,0.7546274185032005,-0.28670801650267835,0.07572598079345018,-0.9671232533582276,-0.9403612675143385,-0.9757778215675068,-0.6500621850727836,1.9564790294887298,0.2806293776056855,0.7903154527575308,0.7970672003634421,-0.7498877432857705,-0.2055566129482595,1.2817398889233114,-0.11704114719613053,-0.6477119471011874,-0.7403851726476136,-0.4011147404754536,-1.1257527026852265,0.36365839101869557,-0.07014788381721537,-2.1579423860819515,-0.332422584818903,-1.2874232262686238,-0.6580747348617174,0.45987906083923025,4.510671108178232,-0.45732956038002354,1.7013926184468013
CC[N+]1(C)CCN(C)CC1.C(F)(F)(F)S(=O)(=O)[N-]S(=O)(=O)C(F)(F)F,0.4515726919955696,0.18935094427866836,0.012322298810140015,1.2367935610946665,0.515631285729363,0.7487154602208848,-0.957974228948898,0.07915830042688478,0.5627560478454497,-0.12838517511318362,0.5019918348352159,-0.40319192319498404,0.00023121088838634436,-1.174851892203202,1.1308793694616406,-0.7760138587182511,-0.26917851135846255,2.066387245792982,0.30613002228540737,0.8268862688363909,-0.37134372443570424,-0.9254644051043527,-0.06683355046971581,0.6124281080175201,0.7546274185032005,-0.28670801650267835,0.07572598079345018,-0.9671232533582276,-0.9403612675143385,-0.9757778215675068,-0.6500621850727836,1.916150048909181,0.2806293776056855,0.7903154527575308,0.7970672003634421,-0.7498877432857705,-0.2055566129482595,1.2817398889233114,-0.11704114719613053,-0.6477119471011874,-0.6331283524829406,-0.4011147404754536,-1.1257527026852265,0.36365839101869557,-0.07014788381721537,-2.005297140954199,2.400829779247633,0.30039875279601214,-0.7637017652394508,0.45987906083923025,4.510671108178232,-0.45732956038002354,1.7013926184468013
CCN1C=C[N+](=C1)C.F[B-](F)(F)F,-0.7211078854154745,-0.6222188523851233,0.370928275753091,-0.749343967167994,-1.509705142058986,-1.090163175310234,-0.30122045734954206,-1.6051478207571512,0.02107467456034788,-0.12838568003843398,-1.0398491172108049,-0.004345919121900458,1.5274577163542058,0.9082200434608136,-0.7984955340960134,0.46878242726731245,-0.26917851135846255,-0.32134997848501146,-0.7408172963707236,-1.1794383152110404,-0.37134372443570424,-0.9254644051043527,-0.6346075846495001,-0.9669629424450438,-0.692710285343323,-0.28670801650267835,0.013980158704163127,0.8826427704086719,0.28718584387798923,0.2384393316036858,-0.6500621850727836,-1.1087153602292146,-0.514931556659128,-0.7845803427584016,-1.562018291937168,0.32740903653239134,-0.2055566129482595,-0.7801894976054939,-0.11704114719613053,-0.6477119471011874,-0.2878200879276962,-0.4011147404754536,0.8074077448140042,0.36365839101869557,-0.07014788381721537,1.0089238362565591,-0.332422584818903,0.30039875279601214,-0.6886035229099157,-0.26418584346083446,-0.32686022523030667,-0.45732956038002354,-0.5877538136452587
CCN1C=C[N+](=C1)C.FS(=O)(=O)[N-]S(F)(=O)=O,0.19660228786667233,-0.6222188523851233,0.5598953329006041,-1.0704779993016238,-0.6712033367497372,0.7522994828520885,-0.301220870139793,-0.7662889468521209,-0.07527562307129547,-0.12838567902208606,-0.24151968660365136,0.21915063567180687,-0.7910820630141254,0.9082200434608136,-0.7984955340960134,4.580039407725034,-0.26917851135846255,-0.32134997848501146,1.5478564713939458,-1.1794383152110404,1.3298363461218978,-0.9254644051043527,-0.6346075846495001,-0.9669629424450438,0.8419631093372054,-0.28670801650267835,0.013980158704163127,0.8826427704086719,0.6360814994870673,0.2384393316036858,-0.6500621850727836,-0.7053480359750571,2.0044845226648746,0.7903154527575308,0.9681400579615984,0.32740903653239134,-0.2055566129482595,1.2817398889233114,-0.11704114719613053,-0.6477119471011874,-0.2878200879276962,-0.4011147404754536,0.8074077448140042,0.36365839101869557,-0.07014788381721537,1.0089238362565591,-0.332422584818903,0.30039875279601214,-1.3375227546573485,0.45987906083923025,-0.32686022523030667,-0.45732956038002354,-0.5877538136452587
CCC[N+]1(C)CC2CCC(CC2)C1.C(F)(F)(F)S(=O)(=O)[N-]S(=O)(=O)C(F)(F)F,0.4515726919955696,0.18935094427866836,0.012322298810140015,3.6236495622435294,0.8667133186030631,0.7487155271113826,-0.9613283470501609,0.8531051695661003,0.6221078311865424,-0.12836675274505369,0.43909276067742437,-0.5261526248632956,0.00023121088838634436,-1.174851892203202,1.1308793694616406,-0.7760138587182511,-0.26917851135846255,-0.32134997848501146,0.30613002228540737,0.8268862688363909,-0.37134372443570424,-0.5518873629084847,1.4012198774663809,0.6124281080175201,0.7546274185032005,-0.28670801650267835,-0.833347902166137,2.1586546157753372,-0.9403612675143385,-0.9757778215675068,-0.6500621850727836,0.8691474831751127,0.2806293776056855,0.7903154527575308,0.6975562383135268,-0.7498877432857705,-0.2055566129482595,1.2817398889233114,-0.11704114719613053,-0.6477119471011874,-0.2878200879276962,-0.4011147404754536,-1.1257527026852265,-1.5949550823699816,-0.07014788381721537,-0.7925698355890041,5.134082143314169,1.8882207318606479,0.2087109814940988,-0.26418584346083446,-0.32686022523030667,-0.45732956038002354,1.7013926184468013
CCC[N+]1(C)CCCC1.FS(=O)(=O)[N-]S(F)(=O)=O,0.19660228786667233,0.6243074634818122,0.5598953329006041,2.124720664334838,-0.5178312410620715,0.75229950564656,-0.9193910068294313,-0.5003085517352936,1.0375703145741906,-0.12838565923658934,-0.6579280948733937,0.1825792588924534,0.00023121088838634436,-1.174851892203202,-0.9401068061032477,3.335243121739471,-0.26917851135846255,-0.32134997848501146,0.30613002228540737,-1.1794383152110404,1.3298363461218978,-0.5518873629084847,-0.6735915147751234,0.6124281080175201,0.8419631093372054,-0.28670801650267835,-0.833347902166137,-0.9671232533582276,-0.9403612675143385,-0.9757778215675068,-0.6500621850727836,0.4053467335495889,0.37404443368133566,0.7903154527575308,0.6975562383135268,-0.7498877432857705,-0.2055566129482595,1.2817398889233114,-0.11704114719613053,-0.6477119471011874,-0.2878200879276962,-0.4011147404754536,0.8074077448140042,0.36365839101869557,-0.07014788381721537,-0.4278760060108574,2.400829779247633,0.30039875279601214,-0.7774848045692279,-0.26418584346083446,-0.32686022523030667,-0.45732956038002354,1.7013926184468013
CCC[N+]1(C)CCCC1.C(F)(F)(F)S(=O)(=O)[N-]S(=O)(=O)C(F)(F)F,0.4515726919955696,0.18935094427866836,0.012322298810140015,1.1462388613985723,0.38073104457475515,0.7487154346549537,-0.9193910146788845,-0.04059043439365389,0.6221078311865424,-0.12838542646650117,0.42700295176458936,-0.5283282895234981,0.00023121088838634436,-1.174851892203202,1.1308793694616406,-0.7760138587182511,-0.26917851135846255,-0.32134997848501146,0.30613002228540737,0.8268862688363909,-0.37134372443570424,-0.5518873629084847,-0.6735915147751234,0.6124281080175201,0.7546274185032005,-0.28670801650267835,-0.833347902166137,-0.9671232533582276,-0.9403612675143385,-0.9757778215675068,-0.6500621850727836,0.8691474831751127,0.2806293776056855,0.7903154527575308,0.6975562383135268,-0.7498877432857705,-0.2055566129482595,1.2817398889233114,-0.11704114719613053,-0.6477119471011874,-0.2878200879276962,-0.4011147404754536,-1.1257527026852265,0.36365839101869557,-0.07014788381721537,-0.4278760060108574,2.400829779247633,0.30039875279601214,-0.23191689888651182,-0.26418584346083446,-0.32686022523030667,-0.45732956038002354,1.7013926184468013
CCN1C=C[N+](=C1)C.F[B-](F)(F)C(F)(F)C(F)(F)OC(F)(F)F,0.7005301740521911,-0.6222188523851233,-0.3847328656510447,-1.2353666948899062,-0.01812085724460268,-1.0954165361079975,-0.30122211502492324,-0.843996065227252,-0.6614708338622175,-0.12838566510245986,1.1044274934514275,-0.6359664751272099,0.7656877717470654,0.9082200434608136,-0.7984955340960134,0.46878242726731245,-0.26917851135846255,-0.32134997848501146,1.096812521732452,-0.5106634538618967,2.5118331375524927,-0.9254644051043527,-0.6346075846495001,-0.9669629424450438,-0.7240625405897437,-0.28670801650267835,0.013980158704163127,0.8826427704086719,0.28718584387798923,0.2384393316036858,-0.6500621850727836,-0.35025444723953497,0.05831500462625184,-0.7845803427584016,-1.278534903134478,0.32740903653239134,-0.2055566129482595,-0.7801894976054939,-0.11704114719613053,-0.6477119471011874,-0.2878200879276962,-0.4011147404754536,0.8074077448140042,-1.0412054924659169,-0.07014788381721537,0.0905815457144637,-0.332422584818903,0.30039875279601214,0.10037886863108164,-0.26418584346083446,-0.32686022523030667,1.6578196563775853,-0.5877538136452587
CCN1C=C[N+](=C1)C.F[B-](F)(F)C(F)(F)C(F)(F)C(F)(F)F,0.5895965850182432,-0.6222188523851233,-0.4374365544664329,-1.1747422954489066,-0.16186171360374857,-1.0943306770351768,-0.3012212844193276,-0.9623691030324255,-0.6021190505211248,-0.1283856697178686,0.8604056634082443,-1.1121525678470334,0.7656877717470654,0.9082200434608136,-0.7984955340960134,0.46878242726731245,3.7331555065605517,-0.32134997848501146,0.45287123851779826,0.49249883816181894,-0.37134372443570424,-0.9254644051043527,-0.6346075846495001,-0.9669629424450438,-0.7240625405897437,-0.28670801650267835,0.013980158704163127,0.8826427704086719,0.28718584387798923,0.2384393316036858,-0.6500621850727836,-0.3659207050800517,-0.514931556659128,-0.7845803427584016,-1.562018291937168,0.32740903653239134,-0.2055566129482595,-0.7801894976054939,-0.11704114719613053,-0.6477119471011874,-0.2878200879276962,-0.4011147404754536,0.8074077448140042,-2.53723420214731,-0.07014788381721537,0.07763245640519659,-0.332422584818903,0.30039875279601214,0.12974833561415855,-0.26418584346083446,-0.32686022523030667,-0.45732956038002354,-0.5877538136452587
CCN1C=C[N+](=C1)C.F[B-](F)(F)C(F)(F)C(F)(F)C(F)(F)C(F)(F)F,0.8741653568879365,-0.6222188523851233,-0.5931661182745754,-1.2484780056842646,0.287419429214665,-1.0943261701096765,-0.3012215683609593,-0.7323078192320064,-0.8098502922149491,-0.12838564442708927,1.600754859277562,-1.0523063652109665,0.7656877717470654,0.9082200434608136,-0.7984955340960134,0.46878242726731245,3.7331555065605517,-0.32134997848501146,0.45287123851779826,1.161273699510963,-0.37134372443570424,-0.9254644051043527,-0.6346075846495001,-0.9669629424450438,-0.7240625405897437,-0.28670801650267835,0.013980158704163127,0.8826427704086719,0.28718584387798923,0.2384393316036858,-0.6500621850727836,-0.1165825919066645,-0.514931556659128,-0.7845803427584016,-1.562018291937168,0.32740903653239134,-0.2055566129482595,-0.7801894976054939,-0.11704114719613053,-0.6477119471011874,-0.2878200879276962,-0.4011147404754536,0.8074077448140042,-4.257796399208721,-0.07014788381721537,0.03937031432044651,-0.332422584818903,0.30039875279601214,0.40253228845551636,-0.26418584346083446,-0.32686022523030667,-0.45732956038002354,-0.5877538136452587
COCC[N+](C)(C)C.F[B-](F)(F)C(F)(F)C(F)(F)OC(F)(F)F,0.7005301740521911,0.9444032426139033,-0.3847328656510447,-0.47807546797436884,0.04505719775367857,-1.0954162844224307,-0.8458719935155371,-1.056061187558018,0.3920233204421766,-0.1283856352130009,0.5839762091229107,0.22558330715646194,2.3931189870564333,-0.2778445204190573,-0.9401068061032477,-0.7760138587182511,-0.26917851135846255,-0.32134997848501146,-0.14491392737608588,-0.5106634538618967,2.5118331375524927,-0.9254644051043527,-1.1922943628354994,1.5198288647052265,-0.7240625405897437,-0.28670801650267835,-0.833347902166137,-0.9671232533582276,-1.2892569231234163,-0.9757778215675068,-0.6500621850727836,1.3731995425950527,-0.9988785230719073,-0.7845803427584016,-1.2656353339798592,-0.7498877432857705,-0.2055566129482595,-0.7801894976054939,-0.11704114719613053,0.29847544646206514,-0.2878200879276962,-0.4011147404754536,0.8074077448140042,-1.0412054924659169,-0.07014788381721537,-1.3073218787465863,-0.332422584818903,-1.2874232262686238,0.10316982675081847,-0.9882507477608992,2.091905441473963,3.772968873135194,1.7013926184468013
COCC[N+](C)(C)C.F[B-](F)(F)C(F)(F)C(F)(F)C(F)(F)F,0.5895965850182432,3.1660644856992937,-0.4374365544664329,-0.3830287400372085,-0.09868365860546732,-1.094330370050549,-0.8458719763801125,-1.1694330520719949,0.4513751037832692,-0.12838564886782255,0.3714150330893631,-0.5604560276340181,2.3931189870564333,-0.2778445204190573,-0.9401068061032477,-0.7760138587182511,3.7331555065605517,-0.32134997848501146,-0.7888552105907397,0.49249883816181894,-0.37134372443570424,-0.9254644051043527,-1.1922943628354994,1.5198288647052265,-0.7240625405897437,-0.28670801650267835,-0.833347902166137,-0.9671232533582276,-1.2892569231234163,-0.9757778215675068,-0.6500621850727836,1.3575332847545358,-1.5721250843572872,-0.7845803427584016,-1.5491187227825494,-0.7498877432857705,-0.2055566129482595,-0.7801894976054939,-0.11704114719613053,0.29847544646206514,-0.2878200879276962,-0.4011147404754536,0.8074077448140042,-2.53723420214731,-0.07014788381721537,-1.3202709680558535,-0.332422584818903,-1.2874232262686238,0.13253929373389575,-0.9882507477608992,2.091905441473963,1.6578196563775853,1.7013926184468013
COCC[N+](C)(C)C.F[B-](F)(F)C(F)(F)C(F)(F)C(F)(F)C(F)(F)F,0.8741653568879365,3.1660644856992937,-0.5931661182745754,-0.5517700769219703,0.3505974842129463,-1.0943258379233605,-0.8458719876836162,-0.9398135294636224,0.24364386208944497,-0.1283855732261362,1.0197093008340226,-0.6004496250079064,2.3931189870564333,-0.2778445204190573,-0.9401068061032477,-0.7760138587182511,3.7331555065605517,-0.32134997848501146,-0.7888552105907397,1.161273699510963,-0.37134372443570424,-0.9254644051043527,-1.1922943628354994,1.5198288647052265,-0.7240625405897437,-0.28670801650267835,-0.833347902166137,-0.9671232533582276,-1.2892569231234163,-0.9757778215675068,-0.6500621850727836,1.6068713979279228,-1.5721250843572872,-0.7845803427584016,-1.5491187227825494,-0.7498877432857705,-0.2055566129482595,-0.7801894976054939,-0.11704114719613053,0.29847544646206514,-0.2878200879276962,-0.4011147404754536,0.8074077448140042,-4.257796399208721,-0.07014788381721537,-1.3585331101406035,-0.332422584818903,-1.2874232262686238,0.4053232465752539,-0.9882507477608992,2.091905441473963,1.6578196563775853,1.7013926184468013
CCCC[N+](C)(CC)CC.F[B-](F)(F)C(F)(F)C(F)(F)OC(F)(F)F,0.7005301740521911,0.9444032426139033,-0.3847328656510447,0.04095159381610096,0.2793874068641993,-1.0954161951751715,-0.9430230750356402,-0.3613508821110127,0.4513751037832692,-0.1283844215730016,0.25930352292768877,0.01237268969265099,1.5570010456495775,-1.174851892203202,-0.9401068061032477,-0.7760138587182511,-0.26917851135846255,-0.32134997848501146,-0.14491392737608588,-0.5106634538618967,2.5118331375524927,-0.2044244440505805,0.44178204159687506,0.6124281080175201,-0.7240625405897437,-0.28670801650267835,-0.833347902166137,-0.9671232533582276,-1.2892569231234163,-0.9757778215675068,-0.6500621850727836,0.7604403222851114,-1.5721250843572872,-0.7845803427584016,-1.5491187227825494,-0.7498877432857705,-0.2055566129482595,-0.7801894976054939,-0.11704114719613053,-0.6477119471011874,-0.2878200879276962,-0.4011147404754536,0.8074077448140042,-1.0412054924659169,-0.07014788381721537,-2.6626806606708753,-0.332422584818903,-1.2874232262686238,0.9335442740983747,-0.9882507477608992,-0.32686022523030667,1.6578196563775853,1.7013926184468013
CCC[N+]1(C)CCCC1.F[B-](F)(F)C(F)(F)C(F)(F)OC(F)(F)F,0.7005301740521911,0.9444032426139033,-0.3847328656510447,1.1679026651536186,0.13525123844306303,-1.0954163263824113,-0.9193910174906124,-0.5820212266935894,0.4513751037832692,-0.12838543233656763,0.4031646746126824,-0.5449731644368548,1.5570010456495775,-1.174851892203202,-0.9401068061032477,-0.7760138587182511,-0.26917851135846255,-0.32134997848501146,-0.14491392737608588,-0.5106634538618967,2.5118331375524927,-0.5518873629084847,-0.6735915147751234,0.6124281080175201,-0.7240625405897437,-0.28670801650267835,-0.833347902166137,-0.9671232533582276,-1.2892569231234163,-0.9757778215675068,-0.6500621850727836,0.7604403222851114,-1.5721250843572872,-0.7845803427584016,-1.5491187227825494,-0.7498877432857705,-0.2055566129482595,-0.7801894976054939,-0.11704114719613053,-0.6477119471011874,-0.2878200879276962,-0.4011147404754536,0.8074077448140042,-1.0412054924659169,-0.07014788381721537,-1.3462182965529528,2.400829779247633,0.30039875279601214,0.6604168187192028,-0.9882507477608992,-0.32686022523030667,1.6578196563775853,1.7013926184468013
CCCC[N+]1(C)CCCC1.FC(F)(F)C(F)(F)S(=O)(=O)[N-]S(=O)(=O)C(F)(F)C(F)(F)F,1.0681547698204608,-0.22385774896431823,-0.43419218855376435,0.6427301321885406,1.4053170187014765,0.7487062223439653,-0.9199158472514452,0.7081315005027045,0.20664534779889393,-0.12837598917531726,1.6127369364479618,-0.44965270233964105,0.00023121088838634436,-1.174851892203202,1.1308793694616406,-0.7760138587182511,-0.26917851135846255,-0.32134997848501146,0.30613002228540737,2.164435991534679,-0.37134372443570424,-0.2044244440505805,-0.6735915147751234,0.6124281080175201,0.7546274185032005,-0.28670801650267835,-0.833347902166137,-0.9671232533582276,-0.9403612675143385,-0.9757778215675068,-0.6500621850727836,1.3678237095218866,0.2806293776056855,0.7903154527575308,0.6975562383135268,-0.7498877432857705,4.864839839775475,-0.7801894976054939,-0.11704114719613053,-0.6477119471011874,-0.2878200879276962,-2.237259835855609,0.8074077448140042,0.36365839101869557,-0.07014788381721537,-0.5037175568319878,2.400829779247633,0.30039875279601214,0.48115143179764325,-0.26418584346083446,-0.32686022523030667,-0.45732956038002354,1.7013926184468013
CCCC[N+]1(C)CCCC1.FC(F)(F)C(F)(F)C(F)(F)C(F)(F)S(=O)(=O)[N-]S(=O)(=O)C(F)(F)F,1.453013609000731,-0.3249580165400964,-0.6469742720815109,0.4281474839886498,1.8545981615198968,0.7487109997093817,-0.9199158520466882,1.1133691716883969,-0.0010858938949303268,-0.12835306536825059,2.276104212514634,-0.5089542945098158,0.00023121088838634436,-1.174851892203202,1.1308793694616406,-0.7760138587182511,-0.26917851135846255,-0.32134997848501146,0.30613002228540737,2.833210852883823,-0.37134372443570424,-0.2044244440505805,-0.6735915147751234,0.6124281080175201,0.7546274185032005,-0.28670801650267835,-0.833347902166137,-0.9671232533582276,-0.9403612675143385,-0.9757778215675068,-0.6500621850727836,1.617161822695274,0.2806293776056855,0.7903154527575308,0.6975562383135268,-0.7498877432857705,4.864839839775475,-0.7801894976054939,-0.11704114719613053,-0.6477119471011874,-0.2878200879276962,-1.408217551189913,-0.24471128958882962,-2.8397474808936285,-0.07014788381721537,-0.5037175568319878,2.400829779247633,0.30039875279601214,0.753935384639001,-0.26418584346083446,-0.32686022523030667,-0.45732956038002354,1.7013926184468013
