IL_smiles,MaxAbsEStateIndex,MinAbsEStateIndex,MinEStateIndex,SPS,MolWt,BCUT2D_MWHI,BCUT2D_MRLOW,BertzCT,HallKierAlpha,Ipc,Kappa1,Kappa3,PEOE_VSA1,PEOE_VSA10,PEOE_VSA11,PEOE_VSA12,PEOE_VSA13,PEOE_VSA14,PEOE_VSA2,PEOE_VSA3,PEOE_VSA4,PEOE_VSA5,PEOE_VSA6,PEOE_VSA7,PEOE_VSA9,SMR_VSA2,SMR_VSA3,SMR_VSA4,SMR_VSA7,SlogP_VSA1,SlogP_VSA12,SlogP_VSA2,SlogP_VSA3,SlogP_VSA8,TPSA,EState_VSA2,EState_VSA3,EState_VSA4,EState_VSA5,EState_VSA6,EState_VSA8,VSA_EState2,VSA_EState3,VSA_EState5,VSA_EState6,VSA_EState8,NumAliphaticHeterocycles,NumHeterocycles,MolLogP,fr_NH0,fr_Ndealkylation1,fr_ether,fr_quatN
CCCCC[P+](CC)(CC)CC.C(F)(F)(F)S(=O)(=O)[N-]S(=O)(=O)C(F)(F)F,0.4484246720329057,0.14260045117308515,-0.3200175553870389,0.19285394498259167,0.9116190493248995,0.7011730220806589,1.3415814090459395,0.567335443256221,1.339030409057908,-0.13302113158014403,0.3816626839709553,0.15934260579836027,-0.95366326879022,-1.1044321021646082,1.0609315383947782,-0.722310925976598,-0.2794955125518053,-0.0031174202182021366,-0.334041649110928,0.38765109226925315,0.7549970936872463,-0.38649880517734675,0.21031816133340872,0.9424218319238874,0.2533667248398628,-0.15544160432738227,-0.8037293695673489,-0.8978286760768263,-0.8762775283867735,-0.9274640355040075,1.4880387028711288,0.5283784998976779,0.2372418748051211,0.7245944301530552,0.7065449014644847,-0.7039403046474081,-0.21320071635561044,1.2100767390069584,-0.2048725542574138,-0.1212678125181665,-0.6812038495466988,-0.29896466627651,-0.3164962772294361,0.3732098011257756,0.32073747224110416,0.03891429129562613,-0.34564291768915584,-1.2261643956862018,0.8841580824976697,-0.9566478439197282,-0.33981383301529244,-0.47723998901751497,-0.6164414002968976
CCCCCCCC[P+](CC)(CC)CC.C(F)(F)(F)S(=O)(=O)[N-]S(=O)(=O)C(F)(F)F,0.4484246720329057,0.14260045117308515,-0.49446531124381204,0.4817934177789992,1.2987827022075553,0.7011730939020088,1.3415793541373424,1.3340625270742719,1.339030409057908,-0.13249502500718613,0.3802551269776957,0.5666895549415897,-0.95366326879022,-1.1044321021646082,1.0609315383947782,-0.722310925976598,-0.2794955125518053,-0.0031174202182021366,-0.334041649110928,0.38765109226925315,0.7549970936872463,-0.38649880517734675,0.9277466248642255,1.4480335652177942,0.2533667248398628,-0.15544160432738227,-0.8037293695673489,-0.8978286760768263,-0.8762775283867735,-0.9274640355040075,1.4880387028711288,0.5283784998976779,0.2372418748051211,0.7245944301530552,0.7065449014644847,-0.7039403046474081,-0.21320071635561044,1.2100767390069584,-0.2048725542574138,-0.1212678125181665,-0.6812038495466988,-0.29896466627651,-0.3164962772294361,0.3732098011257756,0.32073747224110416,-0.02503149884081399,-0.34564291768915584,-1.2261643956862018,1.3898170331947322,-0.9566478439197282,-0.33981383301529244,-0.47723998901751497,-0.6164414002968976
CCCCCC[P+](CCCC)(CCCC)CCCC.C(F)(F)(F)S(=O)(=O)[N-]S(=O)(=O)C(F)(F)F,0.4484246720329057,0.14260045117308515,-1.2179692527908927,0.787729330151667,1.8150009060511172,0.7011731900580509,1.3415765029181954,2.2368862962292666,1.339030409057908,-0.0656111031030067,0.43420926154036077,1.2660333080182224,-0.95366326879022,-1.1044321021646082,1.0609315383947782,-0.722310925976598,-0.2794955125518053,-0.0031174202182021366,-0.334041649110928,0.38765109226925315,0.7549970936872463,-0.38649880517734675,2.443482752407412,1.3340334249344081,0.2533667248398628,-0.15544160432738227,-0.8037293695673489,-0.8978286760768263,-0.8762775283867735,-0.9274640355040075,1.4880387028711288,0.5283784998976779,0.2372418748051211,0.7245944301530552,0.7065449014644847,-0.7039403046474081,-0.21320071635561044,1.2100767390069584,-0.2048725542574138,-0.1212678125181665,-0.6812038495466988,-0.29896466627651,-0.3164962772294361,0.3732098011257756,0.32073747224110416,-0.06649648281924084,-0.34564291768915584,-1.2261643956862018,2.064028967457482,-0.9566478439197282,-0.33981383301529244,-0.47723998901751497,-0.6164414002968976
CCCCCCCCCC[P+](CCCC)(CCCC)CCCC.C(F)(F)(F)S(=O)(=O)[N-]S(=O)(=O)C(F)(F)F,0.4484246720329057,0.14260045117308515,-1.3940668818601225,1.0292576820248245,2.3312191098946644,0.7011732858988314,1.341573763598797,3.3097839136739537,1.339030409057908,8.212782137056765,0.5249780512103567,1.999988261794015,-0.95366326879022,-1.1044321021646082,1.0609315383947782,-0.722310925976598,-0.2794955125518053,-0.0031174202182021366,-0.334041649110928,0.38765109226925315,0.7549970936872463,-0.38649880517734675,3.878339679469045,1.3340334249344081,0.2533667248398628,-0.15544160432738227,-0.8037293695673489,-0.8978286760768263,-0.8762775283867735,-0.9274640355040075,1.4880387028711288,0.5283784998976779,0.2372418748051211,0.7245944301530552,0.7065449014644847,-0.7039403046474081,-0.21320071635561044,1.2100767390069584,-0.2048725542574138,-0.1212678125181665,-0.6812038495466988,-0.29896466627651,-0.3164962772294361,0.3732098011257756,0.32073747224110416,-0.10408057819228904,-0.34564291768915584,-1.2261643956862018,2.7382409017202263,-0.9566478439197282,-0.33981383301529244,-0.47723998901751497,-0.6164414002968976
CCCC[P+](CC)(CCCC)CCCC.C(F)(F)(F)S(=O)(=O)[N-]S(=O)(=O)C(F)(F)F,0.4484246720329057,0.14260045117308515,-0.7816893134824249,0.4817934177789992,1.2987827022075553,0.7011730941399252,1.3415792904839599,1.1892673352764487,1.339030409057908,-0.13249592577136834,0.3802551269776957,0.5666895549415897,-0.95366326879022,-1.1044321021646082,1.0609315383947782,-0.722310925976598,-0.2794955125518053,-0.0031174202182021366,-0.334041649110928,0.38765109226925315,0.7549970936872463,-0.38649880517734675,1.340380323617336,0.8664217384016301,0.2533667248398628,-0.15544160432738227,-0.8037293695673489,-0.8978286760768263,-0.8762775283867735,-0.9274640355040075,1.4880387028711288,0.5283784998976779,0.2372418748051211,0.7245944301530552,0.7065449014644847,-0.7039403046474081,-0.21320071635561044,1.2100767390069584,-0.2048725542574138,-0.1212678125181665,-0.6812038495466988,-0.29896466627651,-0.3164962772294361,0.3732098011257756,0.32073747224110416,-0.026626096517188738,-0.34564291768915584,-1.2261643956862018,1.3898170331947322,-0.9566478439197282,-0.33981383301529244,-0.47723998901751497,-0.6164414002968976
CCCCCCCC[P+](CCCC)(CCCC)CCCC.C(F)(F)(F)S(=O)(=O)[N-]S(=O)(=O)C(F)(F)F,0.4484246720329057,0.14260045117308515,-1.3217354929781997,0.9152026269736114,2.0731100079728915,0.7011732379731703,1.3415751319798512,2.770388331221806,1.339030409057908,0.6178884513996802,0.4761460491838141,1.6291451724719308,-0.95366326879022,-1.1044321021646082,1.0609315383947782,-0.722310925976598,-0.2794955125518053,-0.0031174202182021366,-0.334041649110928,0.38765109226925315,0.7549970936872463,-0.38649880517734675,3.1609112159382287,1.3340334249344081,0.2533667248398628,-0.15544160432738227,-0.8037293695673489,-0.8978286760768263,-0.8762775283867735,-0.9274640355040075,1.4880387028711288,0.5283784998976779,0.2372418748051211,0.7245944301530552,0.7065449014644847,-0.7039403046474081,-0.21320071635561044,1.2100767390069584,-0.2048725542574138,-0.1212678125181665,-0.6812038495466988,-0.29896466627651,-0.3164962772294361,0.3732098011257756,0.32073747224110416,-0.08647020107283483,-0.34564291768915584,-1.2261643956862018,2.4011349345888546,-0.9566478439197282,-0.33981383301529244,-0.47723998901751497,-0.6164414002968976
CCOCC[P+](CC)(CC)CC.C(F)(F)(F)S(=O)(=O)[N-]S(=O)(=O)C(F)(F)F,0.4484246720329057,0.14260045117308515,-0.2052812838257743,-0.018331051745679342,0.9297623140639649,0.7011730286163704,1.3415794289646024,0.36635108482546214,1.2718791917796797,-0.13302917984783785,0.5982741734351952,0.15279193438572927,-0.06887041515001242,-1.1044321021646082,1.0609315383947782,-0.722310925976598,-0.2794955125518053,-0.0031174202182021366,-0.334041649110928,0.38765109226925315,0.7549970936872463,-0.38649880517734675,-0.8927842674566674,0.9804218786850161,1.2828207514300878,-0.15544160432738227,-0.8037293695673489,-0.8978286760768263,-0.8762775283867735,-0.9274640355040075,1.4880387028711288,1.0950175257710193,0.7961791014755655,0.7245944301530552,0.9880780529780755,-0.7039403046474081,-0.21320071635561044,1.2100767390069584,-0.2048725542574138,-0.1212678125181665,0.24667166476766403,-0.29896466627651,-0.3164962772294361,0.3732098011257756,0.32073747224110416,-0.9794416975708368,-0.34564291768915584,-1.2261643956862018,0.3856715991863811,-0.9566478439197282,-0.33981383301529244,1.5808574636205182,-0.6164414002968976
CCOCC[P+](CCCC)(CCCC)CCCC.[O-]C(=O)C(F)(F)F,-0.30796457128250954,2.673126091045453,-1.032551465560163,1.2731611964280314,0.16639273056245563,0.5327058695084138,0.5511389630904313,0.5820221681027867,0.9696987140276504,-0.13262192942832607,-0.7594830859757037,1.5437062595660072,1.00958513935102,-0.2836864722051398,-0.9867282684169637,-0.722310925976598,-0.2794955125518053,-0.5577039041251981,-0.334041649110928,-1.9666181544906969,-0.266535771161587,-0.38649880517734675,1.340380323617336,0.8664217384016301,1.2828207514300878,-0.15544160432738227,-0.8037293695673489,-0.8978286760768263,-1.219581306235284,0.3862071688000482,1.4880387028711288,0.41655880184507077,-1.0035216466999106,-0.8312612587740106,-0.3006300349362467,-0.7039403046474081,-0.21320071635561044,-0.8263938705413376,-0.2048725542574138,-0.1212678125181665,0.24667166476766403,3.1885872523977556,1.131256609099217,-0.22227338273684683,0.32073747224110416,-1.2210798891852832,-0.34564291768915584,-1.2261643956862018,0.6362326737050741,-1.7424657157109336,-0.33981383301529244,1.5808574636205182,-0.6164414002968976
CCOCC[P+](CCCC)(CCCC)CCCC.CS([O-])(=O)=O,-1.1129571394695987,3.114588507970228,-1.032551465560163,1.9497378258672928,0.0015668746799242946,0.6936419339953772,1.8903111797700722,0.8932182439992769,2.0609059947988673,-0.13249568969748834,-1.0782322576747094,2.6429940120585753,0.010579958843710475,-1.1044321021646082,-0.9867282684169637,-0.722310925976598,-0.2794955125518053,-1.265355797739276,-0.334041649110928,-0.7894835311107219,-1.28806863601042,-0.38649880517734675,1.340380323617336,0.8664217384016301,2.1478041094632383,-0.15544160432738227,-0.8037293695673489,-0.8978286760768263,-1.219581306235284,-0.9274640355040075,1.4880387028711288,0.7193112482513468,-0.3753522278512084,-0.8312612587740106,0.22003853454771738,-0.7039403046474081,-0.21320071635561044,-0.8263938705413376,-0.2048725542574138,-0.1212678125181665,0.24667166476766403,-0.29896466627651,-0.3164962772294361,0.3732098011257756,0.32073747224110416,-1.2210798891852832,-0.34564291768915584,-1.2261643956862018,0.576951798685304,-1.7424657157109336,-0.33981383301529244,1.5808574636205182,-0.6164414002968976
CCOCC[P+](CCCC)(CCCC)CCCC.FC(F)(F)S([O-])(=O)=O,-0.18835482648112564,3.9340945467091286,-1.032551465560163,1.228103474398804,0.4981145409919656,0.693730405014914,1.3221164988889693,0.9319390564540732,1.7083621040881665,-0.13249568969748834,-0.5498128115243338,1.207128077722706,0.010579958843710475,-1.1044321021646082,0.04678863597934093,-0.722310925976598,-0.2794955125518053,-0.6342366089787391,-0.334041649110928,-0.7894835311107219,-0.266535771161587,-0.38649880517734675,1.340380323617336,0.8664217384016301,1.2828207514300878,-0.15544160432738227,-0.8037293695673489,-0.8978286760768263,-1.219581306235284,-0.9274640355040075,1.4880387028711288,0.6901285557212818,-0.3753522278512084,-0.8312612587740106,0.22003853454771738,-0.7039403046474081,-0.21320071635561044,-0.8263938705413376,-0.2048725542574138,-0.1212678125181665,0.24667166476766403,-0.29896466627651,-0.3164962772294361,0.3732098011257756,0.32073747224110416,-1.2210798891852832,-0.34564291768915584,-1.2261643956862018,0.961499748886437,-1.7424657157109336,-0.33981383301529244,1.5808574636205182,-0.6164414002968976
CCOCC[P+](CCCC)(CCCC)CCCC.C(F)(F)(F)S(=O)(=O)[N-]S(=O)(=O)C(F)(F)F,0.4484246720329057,0.14260045117308515,-1.032551465560163,0.5454107163802018,1.7040896198292952,0.7011731726444584,1.34157518396055,1.763452649046985,1.2718791917796797,-0.12414465611395582,0.5749277678540431,1.1852974011787187,-0.06887041515001242,-1.1044321021646082,1.0609315383947782,-0.722310925976598,-0.2794955125518053,-0.0031174202182021366,-0.334041649110928,0.38765109226925315,0.7549970936872463,-0.38649880517734675,1.340380323617336,0.8664217384016301,1.2828207514300878,-0.15544160432738227,-0.8037293695673489,-0.8978286760768263,-0.8762775283867735,-0.9274640355040075,1.4880387028711288,1.0950175257710193,0.7961791014755655,0.7245944301530552,0.9880780529780755,-0.7039403046474081,-0.21320071635561044,1.2100767390069584,-0.2048725542574138,-0.1212678125181665,0.24667166476766403,-0.29896466627651,-0.3164962772294361,0.3732098011257756,0.32073747224110416,-1.2210798891852832,-0.34564291768915584,-1.2261643956862018,1.3969895005805066,-0.9566478439197282,-0.33981383301529244,1.5808574636205182,-0.6164414002968976
CCCC[P+](CC)(CC)CC.FC(F)(F)C1=N[N-]C=C1,0.7090600016572535,0.11387911654815723,-0.23017585899283344,0.7431348512302359,-0.5522259200329576,0.5327054163252926,1.086938936541908,-0.15437906999849693,0.6003670189973922,-0.13303338634883694,-1.0174559030514991,-0.5551438286529292,0.18013762156813684,-0.3215492885634941,-0.9867282684169637,-0.722310925976598,-0.2794955125518053,-0.5577039041251981,-0.334041649110928,-1.9666181544906969,0.21222043302726498,-0.38649880517734675,0.19171488619832797,0.9424218319238874,0.37055080006325297,-0.15544160432738227,1.023153772326901,-0.8978286760768263,0.27005108499493724,0.38418886549505654,1.4880387028711288,-0.45447647344440073,-1.3994147120492784,-0.8312612587740106,-0.9829590272828355,-0.7039403046474081,-0.21320071635561044,-0.8263938705413376,-0.2048725542574138,-0.1212678125181665,1.31629620538198,-0.29896466627651,0.5781158192356518,0.3732098011257756,-1.628264978222674,0.06752620877926713,-0.34564291768915584,0.31211457344739685,0.7148705691394635,-0.17082997212852297,-0.33981383301529244,-0.47723998901751497,-0.6164414002968976
CCCCCCCC[P+](CC)(CC)CC.FC(F)(F)C1=N[N-]C=C1,0.7090600016572535,0.11387911654815723,-0.49446531124381204,1.1329871548496415,-0.03600771618941642,0.5327054688616955,1.0869371129571466,0.8334897884778771,0.6003670189973922,-0.13277774197842426,-0.8783515759657459,0.13651479277199943,0.18013762156813684,-0.3215492885634941,-0.9867282684169637,-0.722310925976598,-0.2794955125518053,-0.5577039041251981,-0.334041649110928,-1.9666181544906969,0.21222043302726498,-0.38649880517734675,1.267857581494553,1.4480335652177942,0.37055080006325297,-0.15544160432738227,1.023153772326901,-0.8978286760768263,0.27005108499493724,0.38418886549505654,1.4880387028711288,-0.45447647344440073,-1.3994147120492784,-0.8312612587740106,-0.9829590272828355,-0.7039403046474081,-0.21320071635561044,-0.8263938705413376,-0.2048725542574138,-0.1212678125181665,1.31629620538198,-0.29896466627651,0.5781158192356518,0.3732098011257756,-1.628264978222674,-0.02503149884081399,-0.34564291768915584,0.31211457344739685,1.3890825034022136,-0.17082997212852297,-0.33981383301529244,-0.47723998901751497,-0.6164414002968976
CCCC[P+](CC)(CC)CC.CC1=N[N-]C(=C1)C(F)(F)F,0.945141043145697,0.31096055267528877,-0.23017585899283344,0.8545212236929229,-0.4231713690720727,0.5327054294700672,1.0860487360190472,-0.005004809759098214,0.6003670189973922,-0.13302897833650335,-0.9843738835380466,-0.42087943789589216,0.18013762156813684,-1.1044321021646082,-0.9867282684169637,-0.722310925976598,-0.2794955125518053,-0.5577039041251981,-0.334041649110928,-1.9666181544906969,-0.266535771161587,-0.38649880517734675,0.19171488619832797,1.937775449094482,0.37055080006325297,-0.15544160432738227,1.023153772326901,-0.8978286760768263,0.2302121525212044,0.38418886549505654,1.4880387028711288,-0.45447647344440073,-1.3994147120492784,-0.8312612587740106,-0.9829590272828355,-0.7039403046474081,-0.21320071635561044,-0.8263938705413376,-0.2048725542574138,-0.1212678125181665,1.31629620538198,-0.29896466627651,0.5840556117099962,0.3732098011257756,-2.044916333428707,-0.27623661992961746,-0.34564291768915584,0.31211457344739685,0.8481315565563546,-0.17082997212852297,-0.33981383301529244,-0.47723998901751497,-0.6164414002968976
CCCCCCCC[P+](CC)(CC)CC.CC1=N[N-]C(=C1)C(F)(F)F,0.945141043145697,0.31096055267528877,-0.49446531124381204,1.2109576155735227,0.09304683477146847,0.532705482012609,1.0860469299238789,0.9922495027610471,0.6003670189973922,-0.1322232102770598,-0.8413523624008472,0.27173013635790316,0.18013762156813684,-1.1044321021646082,-0.9867282684169637,-0.722310925976598,-0.2794955125518053,-0.5577039041251981,-0.334041649110928,-1.9666181544906969,-0.266535771161587,-0.38649880517734675,1.267857581494553,2.4433871823883884,0.37055080006325297,-0.15544160432738227,1.023153772326901,-0.8978286760768263,0.2302121525212044,0.38418886549505654,1.4880387028711288,-0.45447647344440073,-1.3994147120492784,-0.8312612587740106,-0.9829590272828355,-0.7039403046474081,-0.21320071635561044,-0.8263938705413376,-0.2048725542574138,-0.1212678125181665,1.31629620538198,-0.29896466627651,0.5840556117099962,0.3732098011257756,-2.044916333428707,-0.36879432754969815,-0.34564291768915584,0.31211457344739685,1.522343490819105,-0.17082997212852297,-0.33981383301529244,-0.47723998901751497,-0.6164414002968976
CCCC[P+](CC)(CC)CC.[N-]1N=CC2=CC=C=CC=C12,-2.0783153655015036,-0.735331652961243,-0.23017585899283344,1.1692417220639513,-0.6067477186352398,0.5327054059675849,3.790108050762042,0.9149111094552571,-0.2893866099391385,-0.13301475154915648,-1.1612145236061457,-0.8111245314085925,0.18013762156813684,-1.1044321021646082,-0.9867282684169637,-0.722310925976598,-0.2794955125518053,-1.265355797739276,-0.334041649110928,-1.9666181544906969,-1.28806863601042,1.9673966723367216,0.19225822890164287,2.7969244816806436,0.8392871009568138,-0.15544160432738227,1.023153772326901,-0.8978286760768263,1.6563405267791795,3.102784605457748,1.4880387028711288,-0.45447647344440073,-2.1282015057772257,3.7314889905598254,-0.9829590272828355,3.9778265661014864,-0.21320071635561044,-0.8263938705413376,-0.2048725542574138,-0.1212678125181665,2.4389500481042825,-0.29896466627651,0.8383947024386691,0.3732098011257756,-2.030657598161656,0.06752620877926713,-0.34564291768915584,0.31211457344739685,-0.03387453524654043,-0.17082997212852297,-0.33981383301529244,-0.47723998901751497,-0.6164414002968976
CCCCCCCC[P+](CC)(CC)CC.[N-]1N=CC2=CC=C=CC=C12,-1.8440820369075253,-0.735331652961243,-0.49446531124381204,1.475322834205186,-0.09052951479169817,0.532705458499151,3.110565362772289,1.9412500873386382,-0.2893866099391385,-0.13045101508011617,-1.0034516902923263,-0.20577429743532677,0.18013762156813684,-1.1044321021646082,-0.9867282684169637,-0.722310925976598,-0.2794955125518053,-1.265355797739276,-0.334041649110928,-1.9666181544906969,-1.28806863601042,1.9673966723367216,1.2684009241978678,3.3025362149745505,0.8392871009568138,-0.15544160432738227,1.023153772326901,-0.8978286760768263,1.6563405267791795,3.102784605457748,1.4880387028711288,-0.45447647344440073,-2.1282015057772257,3.7314889905598254,-0.9829590272828355,3.9778265661014864,-0.21320071635561044,-0.8263938705413376,-0.2048725542574138,-0.1212678125181665,2.4389500481042825,-0.29896466627651,0.8383947024386691,0.3732098011257756,-2.030657598161656,-0.02503149884081399,-0.34564291768915584,0.31211457344739685,0.6403373990162101,-0.17082997212852297,-0.33981383301529244,-0.47723998901751497,-0.6164414002968976
CCN1C=C[N+](=C1)C.FC(F)(F)S([O-])(=O)=O,-0.18835482648112564,-0.651690291468889,0.4107313346860998,-1.0160601698113485,-1.0132322923860644,0.6937299969398106,-0.3129762550670427,-1.058033558762816,-0.27259880561958166,-0.13303542483385242,-0.5107266785399838,-0.9370595327463719,-0.874212894796497,0.9699871357579898,0.18680488200841194,0.48938247154817216,-0.2794955125518053,-0.6342366089787391,-0.334041649110928,0.4878319313196834,-0.266535771161587,-0.38649880517734675,-0.8927842674566674,-0.6504134614800899,-1.0371368986704785,-0.15544160432738227,0.01447793063299437,0.9410108439725289,0.33159523830710735,0.24743758169917457,-0.6611159518627913,-0.7356263899464137,0.6554517199310131,-0.8312612587740106,0.20722770858501832,0.3403888569096468,-0.21320071635561044,-0.8263938705413376,-0.2048725542574138,-0.1212678125181665,-0.6812038495466988,-0.29896466627651,-0.3164962772294361,0.3732098011257756,0.32073747224110416,1.0379230251377294,-0.34564291768915584,0.31211457344739685,-1.2456758623635027,-0.17082997212852297,-0.33981383301529244,-0.47723998901751497,-0.6164414002968976
CCN1C=C[N+](=C1)C.N#C[B-](C#N)(C#N)C#N,-2.3005110342833333,-0.651690291468889,2.1050789939016816,-1.5372819640426056,-1.32774928280439,-1.9198224564486557,-0.312975825473653,-0.9070645583427661,-3.084665040861771,-0.13303542300690327,-0.6674393387593041,-1.1833486506748305,-1.7246154907637332,0.9699871357579898,-0.8467120223878928,0.48938247154817216,-0.2794955125518053,-0.5611763831477232,-0.334041649110928,2.253963697036232,-1.28806863601042,4.685327783492335,-0.8927842674566674,-0.6504134614800899,-1.0371368986704785,7.982255035347471,0.01447793063299437,0.9410108439725289,0.33159523830710735,0.24743758169917457,-0.6611159518627913,-1.2683532043758887,-0.5384603313245601,-0.8312612587740106,1.3650823598803477,0.3403888569096468,-0.21320071635561044,-0.8263938705413376,7.676448653295425,-0.1212678125181665,-0.6812038495466988,-0.29896466627651,5.0144388567775735,1.4376531829033041,0.32073747224110416,1.0379230251377294,-0.34564291768915584,0.31211457344739685,-1.4034182956887042,2.9724415150362984,-0.33981383301529244,-0.47723998901751497,-0.6164414002968976
C[N+](C)(C)CCO.C(F)(F)(F)S(=O)(=O)[N-]S(=O)(=O)C(F)(F)F,0.4484246720329057,0.14260045117308515,0.03917711007195972,-0.7230082619030317,0.1283857190832116,0.7011723742110799,-0.8405383269517737,-0.779206803837404,0.48285238876049186,-0.1330354089859377,0.772358396469733,-0.08619591586262944,0.8379846480739574,-0.21115073404216492,1.0609315383947782,-0.44719226664604833,-0.2794955125518053,-0.0031174202182021366,-0.334041649110928,0.38765109226925315,0.7549970936872463,-0.38649880517734675,-0.8927842674566674,-1.1940252415351251,1.0983524998722314,0.39790829466842864,-0.8037293695673489,-0.8978286760768263,-0.8762775283867735,-0.9274640355040075,-0.6611159518627913,1.4160621764005872,0.2372418748051211,0.7245944301530552,1.3235996853344663,-0.7039403046474081,-0.21320071635561044,1.2100767390069584,-0.2048725542574138,-0.1212678125181665,0.3195297739697252,-0.29896466627651,0.24987838552655123,0.3732098011257756,0.32073747224110416,-0.2415479748655419,-0.34564291768915584,-1.2261643956862018,-1.0899987539843252,-0.17082997212852297,2.004901614790225,-0.47723998901751497,1.6222142113076252
CCCCN1C=C[N+](=C1)C.F[P-](F)(F)(F)(F)F,-0.19215196123672523,-0.7179734708535889,-2.277484599174179,0.03305353301975521,-0.7929093914193367,0.6946152183468478,-0.3129768267175188,-0.9044656488063688,0.2478231282866911,-0.13303542165989787,-0.718311366947276,2.0652471180045553,-1.7246154907637332,0.9699871357579898,-0.8467120223878928,0.48938247154817216,-0.2794955125518053,2.514480213091449,-0.334041649110928,-0.6893026920602919,-1.28806863601042,-0.38649880517734675,-0.14839607043199957,-0.6884135082412186,-1.0371368986704785,-0.15544160432738227,0.01447793063299437,0.9410108439725289,0.33159523830710735,0.24743758169917457,1.6496230125778841,-1.5338331763853612,-0.5384603313245601,-0.8312612587740106,-1.5374847796682172,0.3403888569096468,-0.21320071635561044,-0.8263938705413376,-0.2048725542574138,-0.1212678125181665,-0.6812038495466988,-0.29896466627651,-0.3164962772294361,0.3732098011257756,0.32073747224110416,0.909356773745487,-0.34564291768915584,0.31211457344739685,0.5306764217566052,-0.17082997212852297,-0.33981383301529244,-0.47723998901751497,-0.6164414002968976
CCCCN1C=C[N+](=C1)C.F[B-](F)(F)F,-0.9363903733342226,-0.7179734708535889,0.46386890256270885,-0.28711195667257056,-1.3279884942056148,-1.2528368341034826,-0.31301601644073124,-1.1530333647284234,-0.13001148061970652,-0.1330354227988663,-1.1446267374078392,0.43433991386286847,1.4998511531272223,0.9699871357579898,-0.8467120223878928,0.48938247154817216,-0.2794955125518053,-0.43417903489173015,-0.334041649110928,-0.6893026920602919,-1.28806863601042,-0.38649880517734675,-0.14839607043199957,-0.6884135082412186,-1.0371368986704785,-0.15544160432738227,0.01447793063299437,0.9410108439725289,0.33159523830710735,0.24743758169917457,-0.6611159518627913,-1.2204744226880795,-0.5384603313245601,-0.8312612587740106,-1.5374847796682172,0.3403888569096468,-0.21320071635561044,-0.8263938705413376,-0.2048725542574138,-0.1212678125181665,-0.6812038495466988,-0.29896466627651,-0.3164962772294361,0.3732098011257756,0.32073747224110416,0.909356773745487,-0.34564291768915584,0.31211457344739685,-0.3690793664443369,-0.17082997212852297,-0.33981383301529244,-0.47723998901751497,-0.6164414002968976
CCCCCCN1C=C[N+](=C1)C.F[P-](F)(F)(F)(F)F,-0.19215196123672523,-0.6087443695707284,-2.277484599174179,0.3540214424857462,-0.5348002894975663,0.6946152183468478,-0.3129768267175188,-0.43238149637782175,0.2478231282866911,-0.1330353788202512,-0.7167427658431061,2.518056156740756,-1.7246154907637332,0.9699871357579898,-0.8467120223878928,0.48938247154817216,-0.2794955125518053,2.514480213091449,-0.334041649110928,-0.6893026920602919,-1.28806863601042,-0.38649880517734675,0.21031816133340872,-0.1828017749473119,-1.0371368986704785,-0.15544160432738227,0.01447793063299437,0.9410108439725289,0.33159523830710735,0.24743758169917457,1.6496230125778841,-1.5338331763853612,-0.5384603313245601,-0.8312612587740106,-1.5374847796682172,0.3403888569096468,-0.21320071635561044,-0.8263938705413376,-0.2048725542574138,-0.1212678125181665,-0.6812038495466988,-0.29896466627651,-0.3164962772294361,0.3732098011257756,0.32073747224110416,0.8355978933740406,-0.34564291768915584,0.31211457344739685,0.8677823888879805,-0.17082997212852297,-0.33981383301529244,-0.47723998901751497,-0.6164414002968976
CCCCCCN1C=C[N+](=C1)C.F[B-](F)(F)F,-0.9363903733342226,-0.6087443695707284,0.46386890256270885,0.10928341151792871,-1.0698793922838434,-1.2528365689977223,-0.3130169133195278,-0.6928779095550811,-0.13001148061970652,-0.1330353920534147,-1.1071768617945306,0.9098323014888319,1.4998511531272223,0.9699871357579898,-0.8467120223878928,0.48938247154817216,-0.2794955125518053,-0.43417903489173015,-0.334041649110928,-0.6893026920602919,-1.28806863601042,-0.38649880517734675,0.21031816133340872,-0.1828017749473119,-1.0371368986704785,-0.15544160432738227,0.01447793063299437,0.9410108439725289,0.33159523830710735,0.24743758169917457,-0.6611159518627913,-1.2204744226880795,-0.5384603313245601,-0.8312612587740106,-1.5374847796682172,0.3403888569096468,-0.21320071635561044,-0.8263938705413376,-0.2048725542574138,-0.1212678125181665,-0.6812038495466988,-0.29896466627651,-0.3164962772294361,0.3732098011257756,0.32073747224110416,0.8355978933740406,-0.34564291768915584,0.31211457344739685,-0.031973399312962,-0.17082997212852297,-0.33981383301529244,-0.47723998901751497,-0.6164414002968976
CCCCCCCCN1C=C[N+](=C1)C.F[P-](F)(F)(F)(F)F,-0.19215196123672523,-0.5311105714586326,-2.277484599174179,0.6138526072915481,-0.276691187575796,0.6946152183468478,-0.3129768267175188,0.051032734291482196,0.2478231282866911,-0.13303489037412636,-0.688782224729947,2.9759958794399397,-1.7246154907637332,0.9699871357579898,-0.8467120223878928,0.48938247154817216,-0.2794955125518053,2.514480213091449,-0.334041649110928,-0.6893026920602919,-1.28806863601042,-0.38649880517734675,0.9277466248642255,-0.1828017749473119,-1.0371368986704785,-0.15544160432738227,0.01447793063299437,0.9410108439725289,0.33159523830710735,0.24743758169917457,1.6496230125778841,-1.5338331763853612,-0.5384603313245601,-0.8312612587740106,-1.5374847796682172,0.3403888569096468,-0.21320071635561044,-0.8263938705413376,-0.2048725542574138,-0.1212678125181665,-0.6812038495466988,-0.29896466627651,-0.3164962772294361,0.3732098011257756,0.32073747224110416,0.7880210251154884,-0.34564291768915584,0.31211457344739685,1.2048883560193553,-0.17082997212852297,-0.33981383301529244,-0.47723998901751497,-0.6164414002968976
CCCCCCCCN1C=C[N+](=C1)C.F[B-](F)(F)F,-0.9363903733342226,-0.5311105714586326,0.46386890256270885,0.42222712324726935,-0.8117702903620779,-1.2528363037052581,-0.31301703777246376,-0.21971612517232766,-0.13001148061970652,-0.1330350418293706,-1.0539449834447858,1.3847730655284876,1.4998511531272223,0.9699871357579898,-0.8467120223878928,0.48938247154817216,-0.2794955125518053,-0.43417903489173015,-0.334041649110928,-0.6893026920602919,-1.28806863601042,-0.38649880517734675,0.9277466248642255,-0.1828017749473119,-1.0371368986704785,-0.15544160432738227,0.01447793063299437,0.9410108439725289,0.33159523830710735,0.24743758169917457,-0.6611159518627913,-1.2204744226880795,-0.5384603313245601,-0.8312612587740106,-1.5374847796682172,0.3403888569096468,-0.21320071635561044,-0.8263938705413376,-0.2048725542574138,-0.1212678125181665,-0.6812038495466988,-0.29896466627651,-0.3164962772294361,0.3732098011257756,0.32073747224110416,0.7880210251154884,-0.34564291768915584,0.31211457344739685,0.3051325678184137,-0.17082997212852297,-0.33981383301529244,-0.47723998901751497,-0.6164414002968976
CCN1C=C[N+](=C1)C.C(F)(F)(F)S(=O)(=O)[N-]S(=O)(=O)C(F)(F)F,0.4484246720329057,-0.651690291468889,0.03917711007195972,-1.3125695396001655,0.19274278645124432,0.7011723948188321,-0.3129769299640963,-0.337579172607665,-0.7090817179280688,-0.13303541068452573,1.261235315959916,-0.6479778671386565,-0.95366326879022,0.9699871357579898,1.2009477844238492,0.48938247154817216,-0.2794955125518053,-0.0031174202182021366,-0.334041649110928,1.6649665546996584,0.7549970936872463,-0.38649880517734675,-0.8927842674566674,-0.6504134614800899,-1.0371368986704785,-0.15544160432738227,0.01447793063299437,0.9410108439725289,0.6748990161556179,0.24743758169917457,-0.6611159518627913,-0.3307374198966761,1.8269830492577874,0.7245944301530552,0.9752672270153765,0.3403888569096468,-0.21320071635561044,1.2100767390069584,-0.2048725542574138,-0.1212678125181665,-0.6812038495466988,-0.29896466627651,-0.3164962772294361,0.3732098011257756,0.32073747224110416,1.0379230251377294,-0.34564291768915584,0.31211457344739685,-0.8101861106694338,0.6149878996626823,-0.33981383301529244,-0.47723998901751497,-0.6164414002968976
CCCCN1C=C[N+](=C1)C.C(F)(F)(F)S(=O)(=O)[N-]S(=O)(=O)C(F)(F)F,0.4484246720329057,-0.7179734708535889,0.03917711007195972,-0.9609840825964185,0.45085188837301515,0.7011724425606237,-0.31301701648148544,0.15588886562828605,-0.7090817179280688,-0.13303525335409366,1.006363519607593,-0.3507732524282928,-0.95366326879022,0.9699871357579898,1.2009477844238492,0.48938247154817216,-0.2794955125518053,-0.0031174202182021366,-0.334041649110928,1.6649665546996584,0.7549970936872463,-0.38649880517734675,-0.14839607043199957,-0.6884135082412186,-1.0371368986704785,-0.15544160432738227,0.01447793063299437,0.9410108439725289,0.6748990161556179,0.24743758169917457,-0.6611159518627913,-0.3307374198966761,1.8269830492577874,0.7245944301530552,0.9752672270153765,0.3403888569096468,-0.21320071635561044,1.2100767390069584,-0.2048725542574138,-0.1212678125181665,-0.6812038495466988,-0.29896466627651,-0.3164962772294361,0.3732098011257756,0.32073747224110416,0.909356773745487,-0.34564291768915584,0.31211457344739685,-0.4730801435380594,0.6149878996626823,-0.33981383301529244,-0.47723998901751497,-0.6164414002968976
CCCCCCN1C=C[N+](=C1)C.C(F)(F)(F)S(=O)(=O)[N-]S(=O)(=O)C(F)(F)F,0.4484246720329057,-0.6087443695707284,0.03917711007195972,-0.6614853599635974,0.708960990294786,0.7011724903119858,-0.3130179117303314,0.6576883669019968,-0.7090817179280688,-0.13303346837401533,0.8591956277724114,-0.038135279992513316,-0.95366326879022,0.9699871357579898,1.2009477844238492,0.48938247154817216,-0.2794955125518053,-0.0031174202182021366,-0.334041649110928,1.6649665546996584,0.7549970936872463,-0.38649880517734675,0.21031816133340872,-0.1828017749473119,-1.0371368986704785,-0.15544160432738227,0.01447793063299437,0.9410108439725289,0.6748990161556179,0.24743758169917457,-0.6611159518627913,-0.3307374198966761,1.8269830492577874,0.7245944301530552,0.9752672270153765,0.3403888569096468,-0.21320071635561044,1.2100767390069584,-0.2048725542574138,-0.1212678125181665,-0.6812038495466988,-0.29896466627651,-0.3164962772294361,0.3732098011257756,0.32073747224110416,0.8355978933740406,-0.34564291768915584,0.31211457344739685,-0.1359741764066841,0.6149878996626823,-0.33981383301529244,-0.47723998901751497,-0.6164414002968976
CCCCCCCCN1C=C[N+](=C1)C.C(F)(F)(F)S(=O)(=O)[N-]S(=O)(=O)C(F)(F)F,0.4484246720329057,-0.5311105714586326,0.03917711007195972,-0.4032968059697859,0.9670700922165563,0.701172538073803,-0.3130180353088144,1.1673670715127504,-0.7090817179280688,-0.1330133535013508,0.7762443078593075,0.28806835047260465,-0.95366326879022,0.9699871357579898,1.2009477844238492,0.48938247154817216,-0.2794955125518053,-0.0031174202182021366,-0.334041649110928,1.6649665546996584,0.7549970936872463,-0.38649880517734675,0.9277466248642255,-0.1828017749473119,-1.0371368986704785,-0.15544160432738227,0.01447793063299437,0.9410108439725289,0.6748990161556179,0.24743758169917457,-0.6611159518627913,-0.3307374198966761,1.8269830492577874,0.7245944301530552,0.9752672270153765,0.3403888569096468,-0.21320071635561044,1.2100767390069584,-0.2048725542574138,-0.1212678125181665,-0.6812038495466988,-0.29896466627651,-0.3164962772294361,0.3732098011257756,0.32073747224110416,0.7880210251154884,-0.34564291768915584,0.31211457344739685,0.20113179072469156,0.6149878996626823,-0.33981383301529244,-0.47723998901751497,-0.6164414002968976
COCC[P+](CC)(CC)CC.C(F)(F)(F)S(=O)(=O)[N-]S(=O)(=O)C(F)(F)F,0.4484246720329057,0.14260045117308515,-0.11543958743156933,-0.13758411808000082,0.80070776310308,0.7011730046499638,1.3415812032723995,0.11632665361256979,1.2718791917796797,-0.13303361405191466,0.627137283303364,-0.09546018594005055,-0.06887041515001242,-1.1044321021646082,1.0609315383947782,-0.722310925976598,-0.2794955125518053,-0.0031174202182021366,-0.334041649110928,0.38765109226925315,0.7549970936872463,-0.38649880517734675,-0.8927842674566674,0.43681009862998066,1.4000048266534781,-0.15544160432738227,-0.8037293695673489,-0.8978286760768263,-0.8762775283867735,-0.9274640355040075,1.4880387028711288,1.1157068173785525,0.7961791014755655,0.7245944301530552,0.9880780529780755,-0.7039403046474081,-0.21320071635561044,1.2100767390069584,-0.2048725542574138,-0.1212678125181665,0.24667166476766403,-0.29896466627651,-0.3164962772294361,0.3732098011257756,0.32073747224110416,0.05456607053408152,-0.34564291768915584,-1.2261643956862018,0.21711861562069326,-0.9566478439197282,-0.33981383301529244,1.5808574636205182,-0.6164414002968976
CCN1C=C[N+](=C1)C.N#CC1=CC=C[N-]1,-2.1608903893199405,-0.651690291468889,2.1050789939016816,-0.9350659239070398,-1.5466369153637702,-1.9198211087258146,-0.3129756459293938,-0.6899788196470917,-1.8338646073383995,-0.13303542022141926,-1.3216732128485356,-1.2753778397828894,-0.7936642217402708,0.9699871357579898,-0.8467120223878928,0.48938247154817216,-0.2794955125518053,-1.265355797739276,-0.334041649110928,-0.6893026920602919,-0.4012116717136589,-0.38649880517734675,0.10793302869694418,-0.6504134614800899,-0.28392019997700607,1.8789825555913309,0.9073701213809666,0.9410108439725289,2.3238163304925004,1.5295826794525382,-0.6611159518627913,-1.5338331763853612,-0.5384603313245601,-0.8312612587740106,-0.3817652660333378,3.078824580149656,-0.21320071635561044,-0.8263938705413376,-0.2048725542574138,8.246211251235321,0.29507764277422865,1.0344840383338616,1.044292248633478,0.3732098011257756,2.4813988111495493,1.0379230251377294,-0.34564291768915584,1.8503935425809956,-1.045157870532782,1.4008057714538877,-0.33981383301529244,-0.47723998901751497,-0.6164414002968976
CCN1C=C[N+](=C1)C.[N-]1C=NC=N1,-2.7527497836752306,-0.651690291468889,2.1050789939016816,-0.7257269498774419,-1.7585598159720996,-1.9083824953629949,-0.312975550921966,-1.1691095062059864,-1.2127158475147837,-0.13303542426097023,-1.519015038767438,-1.3195159083200523,0.15871233442566401,0.9699871357579898,-0.8467120223878928,0.48938247154817216,-0.2794955125518053,-1.265355797739276,2.0741778893486233,-0.6893026920602919,-1.28806863601042,-0.38649880517734675,-0.5379849913133792,-0.6504134614800899,-0.8027687482236987,-0.15544160432738227,2.7342532632752166,0.9410108439725289,1.3801830818943264,1.5590904826982388,-0.6611159518627913,-1.0983062910834538,-0.5384603313245601,-0.8312612587740106,-0.32106635254340876,1.7817401311723486,-0.21320071635561044,-0.8263938705413376,-0.2048725542574138,-0.1212678125181665,2.292577697702907,0.9802638635771339,0.71657745562379,0.3732098011257756,0.32073747224110416,1.0379230251377294,-0.34564291768915584,1.8503935425809956,-1.5125262152221763,2.186623643245093,-0.33981383301529244,-0.47723998901751497,-0.6164414002968976
CCN1C=C[N+](=C1)C.[N-]1C=CN=N1,-2.7527497836752306,-0.651690291468889,2.1050789939016816,-0.7257269498774419,-1.7585598159720996,-1.886288163686652,-0.3129755485927583,-1.1691095062059864,-1.2127158475147832,-0.133035424198034,-1.519015038767438,-1.3195159083200523,0.18013762156813684,0.9699871357579898,-0.8467120223878928,0.48938247154817216,-0.2794955125518053,-1.265355797739276,2.12835477429981,-0.6893026920602919,-1.28806863601042,-0.38649880517734675,-0.19787403468305176,-0.6504134614800899,-0.8027687482236987,-0.15544160432738227,2.775352023673522,0.9410108439725289,1.3584778610558894,1.5590904826982388,-0.6611159518627913,-1.0883969291008453,-0.5384603313245601,-0.8312612587740106,-0.32106635254340876,1.751904912401731,-0.21320071635561044,-0.8263938705413376,-0.2048725542574138,-0.1212678125181665,2.3375147679897315,-0.29896466627651,1.218617718709036,0.3732098011257756,0.32073747224110416,1.0379230251377294,-0.34564291768915584,1.8503935425809956,-1.5125262152221763,2.186623643245093,-0.33981383301529244,-0.47723998901751497,-0.6164414002968976
CCN1C=C[N+](=C1)C.[O-][N+](=O)C1=C[N-]N=C1,-0.7401544491648413,-0.651690291468889,2.1050789939016816,-1.113253264896519,-1.3536577176447588,-1.6847434383415636,-0.31297577724486897,-0.8149277722064364,-2.1024694764513137,-0.13303542050270353,-1.0894675450522755,-1.3152000153393977,0.18013762156813684,0.9699871357579898,-0.8467120223878928,0.48938247154817216,3.505928735863311,-1.265355797739276,4.4431732838515074,-0.6893026920602919,-1.28806863601042,-0.38649880517734675,-0.5453291510698595,-0.6504134614800899,0.028645062861889656,-0.15544160432738227,1.8413610725272445,0.9410108439725289,2.19975390061586,1.5590904826982388,-0.6611159518627913,-1.100926860884766,-0.5384603313245601,-0.8312612587740106,0.6016181364366678,0.3403888569096468,-0.21320071635561044,-0.8263938705413376,-0.2048725542574138,-0.1212678125181665,1.31629620538198,3.3322799053632135,2.3267991164530093,0.3732098011257756,0.32073747224110416,1.0379230251377294,-0.34564291768915584,1.8503935425809956,-1.2907846331511412,2.186623643245093,-0.33981383301529244,-0.47723998901751497,-0.6164414002968976
CCN1C=C[N+](=C1)C.[O-][N+](=O)C1=N[N-]C=C1,-0.7848087538906923,-0.651690291468889,2.1050789939016816,-1.113253264896519,-1.3536577176447588,-1.684514256749382,-0.31297578915271557,-0.7654434917551312,-2.1024694764513137,-0.13303542036416274,-1.0894675450522755,-1.3152000153393977,1.1170022385011968,0.9699871357579898,-0.8467120223878928,0.48938247154817216,-0.2794955125518053,-0.5987718235524266,-0.334041649110928,-0.6893026920602919,-1.28806863601042,2.008021762849513,-0.8927842674566674,-0.2598104226119425,-0.9199528234470885,-0.15544160432738227,1.8413610725272445,0.9410108439725289,2.1889012901966414,1.5590904826982388,-0.6611159518627913,-1.100926860884766,-0.5384603313245601,-0.8312612587740106,0.6016181364366678,0.3403888569096468,-0.21320071635561044,-0.8263938705413376,-0.2048725542574138,-0.1212678125181665,1.31629620538198,3.3117313781164253,2.3121956960343897,0.24210264902053316,-0.7532971322900035,1.0379230251377294,-0.34564291768915584,1.8503935425809956,-1.2907846331511412,2.186623643245093,-0.33981383301529244,-0.47723998901751497,-0.6164414002968976
CCN1C=C[N+](=C1)C.FC(F)(F)C1=N[N-]C=C1,0.7090600016572535,-0.651690291468889,1.2424705221290817,-1.0265417781048474,-1.1420476319457236,-1.2604768953943488,-0.31297606110288106,-0.7731064725232494,-1.4477451079885841,-0.13303541883109882,-0.8172249934018546,-1.132569000807277,0.18013762156813684,1.7528699493591038,-0.8467120223878928,0.48938247154817216,-0.2794955125518053,-0.5577039041251981,-0.334041649110928,-0.6893026920602919,0.21222043302726498,-0.38649880517734675,-0.55267331082634,-0.6504134614800899,-0.9199528234470885,-0.15544160432738227,1.8413610725272445,0.9410108439725289,1.8212276295373286,1.5590904826982388,-0.6611159518627913,-1.3135923932387552,0.19032646240338752,-0.8312612587740106,-0.7142367017319439,0.3403888569096468,-0.21320071635561044,-0.8263938705413376,-0.2048725542574138,-0.1212678125181665,1.31629620538198,-0.29896466627651,0.5781158192356518,0.3732098011257756,-1.628264978222674,1.0379230251377294,-0.34564291768915584,1.8503935425809956,-0.8109206404619529,1.4008057714538877,-0.33981383301529244,-0.47723998901751497,-0.6164414002968976
CCN1C=C[N+](=C1)C.CC1=N[N-]C(=C1)C(F)(F)F,0.945141043145697,-0.651690291468889,1.1468228999511847,-0.7982756419353183,-1.0129930809848393,-1.2604767300584967,-0.3129761169502239,-0.6323124100510287,-1.4477451079885844,-0.13303540402132502,-0.8208660350140311,-1.1477027353867324,0.18013762156813684,0.9699871357579898,-0.8467120223878928,0.48938247154817216,-0.2794955125518053,-0.5577039041251981,-0.334041649110928,-0.6893026920602919,-0.266535771161587,-0.38649880517734675,-0.55267331082634,0.34494015569050474,-0.9199528234470885,-0.15544160432738227,1.8413610725272445,0.9410108439725289,1.7813886970635953,1.5590904826982388,-0.6611159518627913,-1.3135923932387552,0.19032646240338752,-0.8312612587740106,-0.7142367017319439,0.3403888569096468,-0.21320071635561044,-0.8263938705413376,-0.2048725542574138,-0.1212678125181665,1.31629620538198,-0.29896466627651,0.5840556117099962,0.3732098011257756,-2.044916333428707,0.6941601964288451,-0.34564291768915584,1.8503935425809956,-0.6776596530450616,1.4008057714538877,-0.33981383301529244,-0.47723998901751497,-0.6164414002968976
CCN1C=C[N+](=C1)C.[N-]1C=NN=N1,-2.7527497836752306,-0.651690291468889,2.1050789939016816,-0.8652862658971737,-1.7494697827255499,-1.8635242594679156,-0.3129755595481071,-1.2717502704181627,-1.3302304777516836,-0.13303542465071705,-1.4612268663036811,-1.3309127129489513,-0.7722389345977981,0.9699871357579898,-0.8467120223878928,0.48938247154817216,-0.2794955125518053,-1.265355797739276,4.5365743127593605,-0.6893026920602919,-0.883729930406341,-0.38649880517734675,-0.8927842674566674,-0.15031990204877874,-0.9199528234470885,-0.15544160432738227,3.7093429748198,0.9410108439725289,0.8558891601007168,1.5590904826982388,-0.6611159518627913,-0.8632014649629354,-0.5384603313245601,-0.8312612587740106,0.07210399664512634,1.061064494040998,-0.21320071635561044,-0.8263938705413376,-0.2048725542574138,-0.1212678125181665,3.3587333305974822,-0.29896466627651,1.7053983993296846,0.3732098011257756,0.32073747224110416,1.0379230251377294,-0.34564291768915584,1.8503935425809956,-1.773932406089238,2.9724415150362984,-0.33981383301529244,-0.47723998901751497,-0.6164414002968976
CCCCC[N+](C)(C)CC.C(F)(F)(F)S(=O)(=O)[N-]S(=O)(=O)C(F)(F)F,0.4484246720329057,0.14260045117308515,0.03917711007195972,-0.03829763325453415,0.4974061072268014,0.7011724399838116,-0.8882576158125686,0.18964761022887472,0.5500036060387207,-0.13303419566810956,0.3149447773781504,0.2663342004800617,-0.11628340278530441,-1.1044321021646082,1.0609315383947782,-0.722310925976598,-0.2794955125518053,-0.0031174202182021366,-0.334041649110928,0.38765109226925315,0.7549970936872463,-0.38649880517734675,-0.14839607043199957,0.3608100051077233,0.7005430714932147,-0.15544160432738227,-0.8037293695673489,-0.8978286760768263,-0.8762775283867735,-0.9274640355040075,-0.6611159518627913,0.8295535994724158,0.2372418748051211,0.7245944301530552,0.7065449014644847,-0.7039403046474081,-0.21320071635561044,1.2100767390069584,-0.2048725542574138,-0.1212678125181665,-0.6812038495466988,-0.29896466627651,-0.3164962772294361,0.3732098011257756,0.32073747224110416,-1.088768817846918,-0.34564291768915584,-1.2261643956862018,0.028214836038743488,-0.17082997212852297,-0.33981383301529244,-0.47723998901751497,1.6222142113076252
CCCCCCC[N+](C)(C)CC.C(F)(F)(F)S(=O)(=O)[N-]S(=O)(=O)C(F)(F)F,0.4484246720329057,0.14260045117308515,0.03917711007195972,0.19285394498259167,0.7555152091485722,0.701172487734599,-0.8882641178467208,0.6905853696806822,0.5500036060387207,-0.13302145427138398,0.2869679726781979,0.631740021640678,-0.11628340278530441,-1.1044321021646082,1.0609315383947782,-0.722310925976598,-0.2794955125518053,-0.0031174202182021366,-0.334041649110928,0.38765109226925315,0.7549970936872463,-0.38649880517734675,0.5690323930988171,0.3608100051077233,0.7005430714932147,-0.15544160432738227,-0.8037293695673489,-0.8978286760768263,-0.8762775283867735,-0.9274640355040075,-0.6611159518627913,0.8295535994724158,0.2372418748051211,0.7245944301530552,0.7065449014644847,-0.7039403046474081,-0.21320071635561044,1.2100767390069584,-0.2048725542574138,-0.1212678125181665,-0.6812038495466988,-0.29896466627651,-0.3164962772294361,0.3732098011257756,0.32073747224110416,-1.1902620017199295,-0.34564291768915584,-1.2261643956862018,0.3653208031701188,-0.17082997212852297,-0.33981383301529244,-0.47723998901751497,1.6222142113076252
CC[N+](C)(C)CCOC(C)=O.C(F)(F)(F)S(=O)(=O)[N-]S(=O)(=O)C(F)(F)F,0.5115029264436988,0.14260045117308515,0.03917711007195972,-0.6160732015762244,0.6441991036323722,0.7011724754391164,-0.8880169771641271,-0.006800228931635939,-0.33975002289781087,-0.13303502311671905,0.9769298942864558,0.2464600246207189,0.7685094508549032,0.6906725461237011,1.0609315383947782,-0.722310925976598,-0.2794955125518053,0.6808181406439294,1.9305236951618514,0.38765109226925315,0.7549970936872463,-0.38649880517734675,-0.8927842674566674,-0.6504134614800899,0.3795045162618077,-0.15544160432738227,-0.8037293695673489,-0.8978286760768263,-0.8762775283867735,-0.9274640355040075,-0.6611159518627913,1.3707210270052246,1.3619217338824363,0.7245944301530552,1.5087466224620392,-0.7039403046474081,-0.21320071635561044,1.2100767390069584,-0.2048725542574138,-0.1212678125181665,0.24667166476766403,4.272645330697796,-0.3164962772294361,-0.10079232468152935,0.32073747224110416,-1.48924944657314,-0.34564291768915584,-1.2261643956862018,-0.6748165906716643,-0.17082997212852297,2.004901614790225,1.5808574636205182,1.6222142113076252
CC[N+](C)(C)CCOCCOC.C(F)(F)(F)S(=O)(=O)[N-]S(=O)(=O)C(F)(F)F,0.4484246720329057,0.14260045117308515,0.03917711007195972,-0.2295160484739513,0.7918017386267031,0.7011725006878431,-0.8886745029430315,0.28891505983611354,0.41570117148226304,-0.13303282570856007,0.7368213291239629,0.6169129122947766,1.6533023044951105,-0.21115073404216492,1.0609315383947782,-0.722310925976598,-0.2794955125518053,-0.0031174202182021366,-0.334041649110928,0.38765109226925315,0.7549970936872463,-0.38649880517734675,-0.8927842674566674,-0.6504134614800899,2.881946219915529,-0.15544160432738227,-0.8037293695673489,-0.8978286760768263,-0.8762775283867735,-0.9274640355040075,-0.6611159518627913,1.9835209428266316,1.35511632814601,0.7245944301530552,1.2696112044916654,-0.7039403046474081,-0.21320071635561044,1.2100767390069584,-0.2048725542574138,-0.1212678125181665,1.1745471790820268,-0.29896466627651,-0.3164962772294361,0.3732098011257756,0.32073747224110416,-2.1610696202642696,-0.34564291768915584,-1.2261643956862018,-0.6316521634524589,-0.17082997212852297,2.004901614790225,3.6389549162585517,1.6222142113076252
CCN1C=C[N+](=C1)C.COS([O-])(=O)=O,-1.1339742803418402,-0.651690291468889,0.9969477085043384,-0.4259592353656713,-1.362582142998153,0.6955000316787827,-0.31297599392783354,-1.0389279000760627,0.01279386781289068,-0.13303542448356448,-1.2258179541385397,-0.5918890993655284,-0.874212894796497,0.9699871357579898,-0.8467120223878928,2.488376171653573,-0.2794955125518053,-1.265355797739276,1.641721587094882,0.4878319313196834,-1.28806863601042,-0.38649880517734675,-0.8927842674566674,-0.6504134614800899,-0.08392076461327679,-0.15544160432738227,0.01447793063299437,0.9410108439725289,0.33159523830710735,0.24743758169917457,-0.6611159518627913,-0.6695534027449703,1.1821870244035149,-0.8312612587740106,0.48876086009860875,0.3403888569096468,-0.21320071635561044,-0.8263938705413376,-0.2048725542574138,-0.1212678125181665,0.1381955261787501,-0.29896466627651,-0.3164962772294361,0.3732098011257756,0.32073747224110416,1.0379230251377294,-0.34564291768915584,0.31211457344739685,-1.6597778348048118,-0.17082997212852297,-0.33981383301529244,-0.47723998901751497,-0.6164414002968976
CCCCN1C=C[N+](=C1)C.COS([O-])(=O)=O,-1.1339742803418402,-0.7179734708535889,0.9969477085043384,0.012566753173371466,-1.1044730410763814,0.695500056017476,-0.3130160876263077,-0.5735056762659626,0.01279386781289068,-0.13303541135689914,-1.187524393054121,-0.1629849827929044,-0.874212894796497,0.9699871357579898,-0.8467120223878928,2.488376171653573,-0.2794955125518053,-1.265355797739276,1.641721587094882,0.4878319313196834,-1.28806863601042,-0.38649880517734675,-0.14839607043199957,-0.6884135082412186,-0.08392076461327679,-0.15544160432738227,0.01447793063299437,0.9410108439725289,0.33159523830710735,0.24743758169917457,-0.6611159518627913,-0.6695534027449703,1.1821870244035149,-0.8312612587740106,0.48876086009860875,0.3403888569096468,-0.21320071635561044,-0.8263938705413376,-0.2048725542574138,-0.1212678125181665,0.1381955261787501,-0.29896466627651,-0.3164962772294361,0.3732098011257756,0.32073747224110416,0.909356773745487,-0.34564291768915584,0.31211457344739685,-1.3226718676734373,-0.17082997212852297,-0.33981383301529244,-0.47723998901751497,-0.6164414002968976
CCCCN1C=C[N+](=C1)C.FC(F)(F)S([O-])(=O)=O,-0.18835482648112564,-0.7179734708535889,0.4107313346860998,-0.560692520616013,-0.7551231904642957,0.6937300211991584,-0.31301634676145895,-0.5914694466098165,-0.27259880561958166,-0.1330354154781076,-0.5763704160391712,-0.5876593667345121,-0.874212894796497,0.9699871357579898,0.18680488200841194,0.48938247154817216,-0.2794955125518053,-0.6342366089787391,-0.334041649110928,0.4878319313196834,-0.266535771161587,-0.38649880517734675,-0.14839607043199957,-0.6884135082412186,-1.0371368986704785,-0.15544160432738227,0.01447793063299437,0.9410108439725289,0.33159523830710735,0.24743758169917457,-0.6611159518627913,-0.7356263899464137,0.6554517199310131,-0.8312612587740106,0.20722770858501832,0.3403888569096468,-0.21320071635561044,-0.8263938705413376,-0.2048725542574138,-0.1212678125181665,-0.6812038495466988,-0.29896466627651,-0.3164962772294361,0.3732098011257756,0.32073747224110416,0.909356773745487,-0.34564291768915584,0.31211457344739685,-0.9085698952321279,-0.17082997212852297,-0.33981383301529244,-0.47723998901751497,-0.6164414002968976
CCCCN1C=C[N+](=C1)C.FC(F)(F)C(F)(F)S(=O)(=O)[N-]S(=O)(=O)C(F)(F)C(F)(F)F,1.1765446345556119,-0.7179734708535889,-0.4896234404047325,-1.1315422881652337,1.3710245453775107,0.7011626296014319,-0.3130175627895915,0.6383964960668459,-1.1791402388756704,-0.1330334752613981,2.5614948869520364,-0.5101004928035742,-0.95366326879022,0.9699871357579898,1.2009477844238492,0.48938247154817216,-0.2794955125518053,1.3540349159099854,-0.334041649110928,1.6649665546996584,2.117040913485691,-0.38649880517734675,-0.14839607043199957,-0.6884135082412186,-1.0371368986704785,-0.15544160432738227,0.01447793063299437,0.9410108439725289,0.6748990161556179,0.24743758169917457,-0.6611159518627913,0.18091736117482843,1.8269830492577874,0.7245944301530552,0.9752672270153765,0.3403888569096468,4.69041575982343,-0.8263938705413376,-0.2048725542574138,-0.1212678125181665,-0.6812038495466988,-0.29896466627651,-2.620884441294487,0.3732098011257756,0.32073747224110416,0.909356773745487,-0.34564291768915584,0.31211457344739685,0.07591606491762563,0.6149878996626823,-0.33981383301529244,-0.47723998901751497,-0.6164414002968976
CCCCN1C=C[N+](=C1)C.FC(F)(F)C([O-])=O,-0.30796457128250954,-0.7179734708535889,0.9380195082309178,-0.599654458515079,-1.0868450008938013,-1.2604360291613648,-0.31301666189472593,-0.9070050676508569,-1.0112621956800976,-0.13303541785652515,-0.8675416778910718,-0.40448539294514807,0.1247922857108124,1.7907327657174583,-0.8467120223878928,0.48938247154817216,-0.2794955125518053,-0.5577039041251981,-0.334041649110928,-0.6893026920602919,-0.266535771161587,-0.38649880517734675,-0.14839607043199957,-0.6884135082412186,-1.0371368986704785,-0.15544160432738227,0.01447793063299437,0.9410108439725289,0.33159523830710735,1.56110878600323,-0.6611159518627913,-1.0091961438226251,0.027282301082310834,-0.8312612587740106,-0.31344086089894535,0.3403888569096468,-0.21320071635561044,-0.8263938705413376,-0.2048725542574138,-0.1212678125181665,-0.6812038495466988,3.1885872523977556,1.131256609099217,-0.22227338273684683,0.32073747224110416,0.909356773745487,-0.34564291768915584,0.31211457344739685,-1.2338369704134904,-0.17082997212852297,-0.33981383301529244,-0.47723998901751497,-0.6164414002968976
CN1C=C[N+](=C1)C.C(F)(F)(F)S(=O)(=O)[N-]S(=O)(=O)C(F)(F)F,0.4484246720329057,-0.4861418851220983,0.03917711007195972,-1.5123340038068396,0.06368823549035944,0.7011723709348064,-0.312773124262159,-0.6762797174960726,-0.7090817179280688,-0.13303542134591181,1.4543737837903792,-0.7764944783653887,-0.95366326879022,0.9699871357579898,1.2009477844238492,0.48938247154817216,-0.2794955125518053,-0.0031174202182021366,-0.334041649110928,1.6649665546996584,0.7549970936872463,-0.38649880517734675,-0.8927842674566674,-1.1940252415351251,-0.8790066407567191,-0.15544160432738227,0.01447793063299437,2.779850364021884,0.6748990161556179,0.24743758169917457,-0.6611159518627913,-0.3307374198966761,1.883499906504734,0.7245944301530552,0.9752672270153765,0.3403888569096468,-0.21320071635561044,1.2100767390069584,-0.2048725542574138,-0.1212678125181665,-0.6812038495466988,-0.29896466627651,-0.3164962772294361,0.3732098011257756,0.32073747224110416,1.479729323571361,-0.34564291768915584,0.31211457344739685,-1.018835779379689,0.6149878996626823,-0.33981383301529244,-0.47723998901751497,-0.6164414002968976
CCCC[N+](C)(C)CC.C(F)(F)(F)S(=O)(=O)[N-]S(=O)(=O)C(F)(F)F,0.4484246720329057,0.14260045117308515,0.03917711007195972,-0.1683203960129177,0.3683515562659165,0.7011724161123356,-0.8882019614066026,-0.057477651335982025,0.5500036060387207,-0.13303506200509752,0.3432854537723836,-0.011773509128511361,-0.11628340278530441,-1.1044321021646082,1.0609315383947782,-0.722310925976598,-0.2794955125518053,-0.0031174202182021366,-0.334041649110928,0.38765109226925315,0.7549970936872463,-0.38649880517734675,-0.14839607043199957,-0.14480172818618323,0.7005430714932147,-0.15544160432738227,-0.8037293695673489,-0.8978286760768263,-0.8762775283867735,-0.9274640355040075,-0.6611159518627913,0.8295535994724158,0.2372418748051211,0.7245944301530552,0.7065449014644847,-0.7039403046474081,-0.21320071635561044,1.2100767390069584,-0.2048725542574138,-0.1212678125181665,-0.6812038495466988,-0.29896466627651,-0.3164962772294361,0.3732098011257756,0.32073747224110416,-1.0203191639408717,-0.34564291768915584,-1.2261643956862018,-0.14033814752694396,-0.17082997212852297,-0.33981383301529244,-0.47723998901751497,1.6222142113076252
CCCC[N+]1(C)CCCC1.C(F)(F)(F)S(=O)(=O)[N-]S(=O)(=O)C(F)(F)F,0.4484246720329057,0.14260045117308515,0.03917711007195972,1.164304929932641,0.47885802319335585,0.7011724424935074,-0.9123779918977271,0.18141595607251673,0.5500036060387207,-0.1330345970934852,0.4375200922184686,-0.33618112211046897,-0.11628340278530441,-1.1044321021646082,1.0609315383947782,-0.722310925976598,-0.2794955125518053,-0.0031174202182021366,-0.334041649110928,0.38765109226925315,0.7549970936872463,-0.38649880517734675,-0.14839607043199957,-0.6884135082412186,0.5424128135794554,-0.15544160432738227,-0.8037293695673489,-0.8978286760768263,-0.8762775283867735,-0.9274640355040075,-0.6611159518627913,0.8088643078648817,0.2372418748051211,0.7245944301530552,0.7065449014644847,-0.7039403046474081,-0.21320071635561044,1.2100767390069584,-0.2048725542574138,-0.1212678125181665,-0.6812038495466988,-0.29896466627651,-0.3164962772294361,0.3732098011257756,0.32073747224110416,-0.46162332423864233,2.3042861179277057,0.31211457344739685,-0.07807594570224383,-0.17082997212852297,-0.33981383301529244,-0.47723998901751497,1.6222142113076252
CCCC[N+]1=CC=CC=C1.C(F)(F)(F)S(=O)(=O)[N-]S(=O)(=O)C(F)(F)F,0.4484246720329057,-0.6449106900661151,0.03917711007195972,-1.137227561684194,0.4232137710930193,0.7011724389612458,-0.3826731473378209,0.07164520052704602,-0.809808543845412,-0.13303529715261755,1.1740899433244887,-0.25501385271246213,-0.95366326879022,0.542735381970023,2.3219933215346313,-0.722310925976598,-0.2794955125518053,-0.0031174202182021366,-0.334041649110928,1.0263088234844557,0.7549970936872463,-0.38649880517734675,0.19171488619832797,-1.1940252415351251,-2.423264643164,-0.15544160432738227,-0.8037293695673489,-0.8978286760768263,1.6583711972275248,0.24743758169917457,-0.6611159518627913,-0.5280161756528282,1.0038540334079804,0.7245944301530552,0.8248925317865572,-0.18177572386888066,-0.21320071635561044,1.2100767390069584,-0.2048725542574138,-0.1212678125181665,-0.6812038495466988,-0.29896466627651,-0.3164962772294361,0.3732098011257756,-5.250015937566132,1.3026100235771365,-0.34564291768915584,0.31211457344739685,-0.18726163897845294,-0.17082997212852297,-0.33981383301529244,-0.47723998901751497,-0.6164414002968976
CC[N+](C)(C)CCN(C)C.C(F)(F)(F)S(=O)(=O)[N-]S(=O)(=O)C(F)(F)F,0.4484246720329057,0.14260045117308515,0.03917711007195972,-0.167888426701428,0.5064961404733518,0.7011724432588445,-0.8861333710465832,0.02929046846513699,0.48285238876049186,-0.13303469297565518,0.42867717386104465,0.2591438690033636,0.7989647594737764,-1.1044321021646082,1.0609315383947782,-0.722310925976598,-0.2794955125518053,-0.0031174202182021366,-0.334041649110928,0.38765109226925315,0.7549970936872463,-0.38649880517734675,-0.8927842674566674,0.4564754426945783,0.7005430714932147,-0.15544160432738227,0.07410168762085538,-0.8978286760768263,-0.8762775283867735,-0.9274640355040075,-0.6611159518627913,1.9244947608280878,0.2372418748051211,0.7245944301530552,0.8053712731767312,-0.7039403046474081,-0.21320071635561044,1.2100767390069584,-0.2048725542574138,-0.1212678125181665,-0.6812038495466988,-0.7372906115915884,-0.3164962772294361,0.3732098011257756,0.32073747224110416,-2.1015274119382483,-0.34564291768915584,-1.2261643956862018,-0.6754647051944757,0.6149878996626823,4.349617062595743,-0.47723998901751497,1.6222142113076252
CC[N+]1(C)CCN(C)CC1.C(F)(F)(F)S(=O)(=O)[N-]S(=O)(=O)C(F)(F)F,0.4484246720329057,0.14260045117308515,0.03917711007195972,1.1746721934083924,0.48794805643990624,0.701172445788293,-0.9492495761691945,0.05131410567928184,0.48285238876049186,-0.13303493760547289,0.5597301937303307,-0.4351240606830988,-0.11628340278530441,-1.1044321021646082,1.0609315383947782,-0.722310925976598,-0.2794955125518053,-0.0031174202182021366,1.9802934661556924,0.38765109226925315,0.7549970936872463,-0.38649880517734675,-0.8927842674566674,-0.09696900939275574,0.5424128135794554,-0.15544160432738227,0.07410168762085538,-0.8978286760768263,-0.8762775283867735,-0.9274640355040075,-0.6611159518627913,1.8831161776130199,0.2372418748051211,0.7245944301530552,0.8053712731767312,-0.7039403046474081,-0.21320071635561044,1.2100767390069584,-0.2048725542574138,-0.1212678125181665,-0.6812038495466988,-0.6334084327017493,-0.3164962772294361,0.3732098011257756,0.32073747224110416,-1.9502036275126406,2.3042861179277057,0.31211457344739685,-0.7817554869354627,0.6149878996626823,4.349617062595743,-0.47723998901751497,1.6222142113076252
CCN1C=C[N+](=C1)C.F[B-](F)(F)F,-0.9363903733342226,-0.651690291468889,0.46386890256270885,-0.805475130460146,-1.5860975961273864,-1.2528370994449098,-0.3129759221923842,-1.5980286486584656,-0.13001148061970652,-0.1330354254655625,-1.1516701430620868,-0.04199290783496152,1.4998511531272223,0.9699871357579898,-0.8467120223878928,0.48938247154817216,-0.2794955125518053,-0.43417903489173015,-0.334041649110928,-0.6893026920602919,-1.28806863601042,-0.38649880517734675,-0.8927842674566674,-0.6504134614800899,-1.0371368986704785,-0.15544160432738227,0.01447793063299437,0.9410108439725289,0.33159523830710735,0.24743758169917457,-0.6611159518627913,-1.2204744226880795,-0.5384603313245601,-0.8312612587740106,-1.5374847796682172,0.3403888569096468,-0.21320071635561044,-0.8263938705413376,-0.2048725542574138,-0.1212678125181665,-0.6812038495466988,-0.29896466627651,-0.3164962772294361,0.3732098011257756,0.32073747224110416,1.0379230251377294,-0.34564291768915584,0.31211457344739685,-0.7061853335757119,-0.17082997212852297,-0.33981383301529244,-0.47723998901751497,-0.6164414002968976
CCN1C=C[N+](=C1)C.FS(=O)(=O)[N-]S(F)(=O)=O,0.1473308715876451,-0.651690291468889,0.6876598134276614,-1.1256406201524718,-0.727429870553247,0.7049808615784309,-0.3129763221102417,-0.7765830763924438,-0.23902319698046692,-0.13303542448356448,-0.265546801611495,0.17830128427517716,-0.95366326879022,0.9699871357579898,-0.8467120223878928,4.491308726336193,-0.2794955125518053,-1.265355797739276,-0.334041649110928,1.6649665546996584,-1.28806863601042,1.2644732565658865,-0.8927842674566674,-0.6504134614800899,-1.0371368986704785,-0.15544160432738227,0.01447793063299437,0.9410108439725289,0.6748990161556179,0.24743758169917457,-0.6611159518627913,-0.8066090545821984,1.918066286207541,0.7245944301530552,0.9752672270153765,0.3403888569096468,-0.21320071635561044,1.2100767390069584,-0.2048725542574138,-0.1212678125181665,-0.6812038495466988,-0.29896466627651,-0.3164962772294361,0.3732098011257756,0.32073747224110416,1.0379230251377294,-0.34564291768915584,0.31211457344739685,-1.3591823191251178,0.6149878996626823,-0.33981383301529244,-0.47723998901751497,-0.6164414002968976
CCC[N+]1(C)CC2CCC(CC2)C1.C(F)(F)(F)S(=O)(=O)[N-]S(=O)(=O)C(F)(F)F,0.4484246720329057,0.14260045117308515,0.03917711007195972,3.554329420503212,0.8474735920425666,0.7011725168667583,-0.9524990999213964,0.8091951374003988,0.5500036060387207,-0.13301713786549088,0.48991398048555324,-0.5563229241748378,-0.11628340278530441,-1.1044321021646082,1.0609315383947782,-0.722310925976598,-0.2794955125518053,-0.0031174202182021366,-0.334041649110928,0.38765109226925315,0.7549970936872463,-0.38649880517734675,-0.5071103021974078,1.3340334249344081,0.5424128135794554,-0.15544160432738227,-0.8037293695673489,2.2094853316448213,-0.8762775283867735,-0.9274640355040075,-0.6611159518627913,0.8088643078648817,0.2372418748051211,0.7245944301530552,0.7065449014644847,-0.7039403046474081,-0.21320071635561044,1.2100767390069584,-0.2048725542574138,-0.1212678125181665,-0.6812038495466988,-0.29896466627651,-0.3164962772294361,-1.5242532860915512,0.32073747224110416,-0.7479749883529763,4.954215153544567,1.8503935425809956,0.19676781960443132,-0.17082997212852297,-0.33981383301529244,-0.47723998901751497,1.6222142113076252
CCC[N+]1(C)CCCC1.FS(=O)(=O)[N-]S(F)(=O)=O,0.1473308715876451,0.5682963532076895,0.6876598134276614,2.059921302421174,-0.5703691847720204,0.7049808858000484,-0.9118695278439782,-0.5161239876530185,1.0200621269863217,-0.13303540536676614,-0.7277484892825594,0.1422539192077404,-0.11628340278530441,-1.1044321021646082,-0.9867282684169637,3.2796153288114227,-0.2794955125518053,-1.265355797739276,-0.334041649110928,0.38765109226925315,-1.28806863601042,1.2644732565658865,-0.5071103021974078,-0.6884135082412186,0.5424128135794554,-0.15544160432738227,-0.8037293695673489,-0.8978286760768263,-0.8762775283867735,-0.9274640355040075,-0.6611159518627913,0.33299267317935954,0.32832511175487517,0.7245944301530552,0.7065449014644847,-0.7039403046474081,-0.21320071635561044,1.2100767390069584,-0.2048725542574138,-0.1212678125181665,-0.6812038495466988,-0.29896466627651,-0.3164962772294361,0.3732098011257756,0.32073747224110416,-0.3864383390964227,2.3042861179277057,0.31211457344739685,-0.7956251377236156,-0.17082997212852297,-0.33981383301529244,-0.47723998901751497,1.6222142113076252
CCC[N+]1(C)CCCC1.C(F)(F)(F)S(=O)(=O)[N-]S(=O)(=O)C(F)(F)F,0.4484246720329057,0.14260045117308515,0.03917711007195972,1.0843906073070564,0.34980347223247094,0.7011724186216969,-0.9118695354486552,-0.06594884648438079,0.5500036060387207,-0.13303518046370177,0.4764946307026035,-0.5584674148989308,-0.11628340278530441,-1.1044321021646082,1.0609315383947782,-0.722310925976598,-0.2794955125518053,-0.0031174202182021366,-0.334041649110928,0.38765109226925315,0.7549970936872463,-0.38649880517734675,-0.5071103021974078,-0.6884135082412186,0.5424128135794554,-0.15544160432738227,-0.8037293695673489,-0.8978286760768263,-0.8762775283867735,-0.9274640355040075,-0.6611159518627913,0.8088643078648817,0.2372418748051211,0.7245944301530552,0.7065449014644847,-0.7039403046474081,-0.21320071635561044,1.2100767390069584,-0.2048725542574138,-0.1212678125181665,-0.6812038495466988,-0.29896466627651,-0.3164962772294361,0.3732098011257756,0.32073747224110416,-0.3864383390964227,2.3042861179277057,0.31211457344739685,-0.24662892926793129,-0.17082997212852297,-0.33981383301529244,-0.47723998901751497,1.6222142113076252
CCN1C=C[N+](=C1)C.F[B-](F)(F)C(F)(F)C(F)(F)OC(F)(F)F,0.7424178304851943,-0.651690291468889,-0.43104949058382264,-1.2900320103050535,-0.05864079492070122,-1.258419369500714,-0.3129775281750484,-0.8526771254732547,-0.9022504793193377,-0.13303541103438546,1.228416926744783,-0.6645633104694808,0.6937344921544832,0.9699871357579898,-0.8467120223878928,0.48938247154817216,-0.2794955125518053,1.6299799234502388,-0.334041649110928,1.2009952737851544,-0.607046726111198,2.411585025329098,-0.8927842674566674,-0.6504134614800899,-1.0371368986704785,-0.15544160432738227,0.01447793063299437,0.9410108439725289,0.33159523830710735,0.24743758169917457,-0.6611159518627913,-0.44227379493814584,0.02047689534588439,-0.8312612587740106,-1.2559516281546268,0.3403888569096468,-0.21320071635561044,-0.8263938705413376,1.3588487047947642,-0.1212678125181665,-0.6812038495466988,-0.29896466627651,-0.3164962772294361,-0.9877924577144224,0.32073747224110416,0.12753088887035838,-0.34564291768915584,0.31211457344739685,0.08775495686763807,-0.17082997212852297,-0.33981383301529244,1.5808574636205182,-0.6164414002968976
CCN1C=C[N+](=C1)C.F[B-](F)(F)C(F)(F)C(F)(F)C(F)(F)F,0.6114166814170131,-0.651690291468889,-0.49346569531273227,-1.2295904544681624,-0.2058386106206521,-1.25726552554817,-0.31297672347094135,-0.9685929377815675,-0.8350992620411088,-0.13303541549380538,0.9575595198466033,-1.133926387169358,0.6937344921544832,0.9699871357579898,-0.8467120223878928,0.48938247154817216,3.5954460168630575,0.9202996897224431,-0.334041649110928,0.5385980456856355,0.4144861387376352,-0.38649880517734675,-0.8927842674566674,-0.6504134614800899,-1.0371368986704785,-0.15544160432738227,0.01447793063299437,0.9410108439725289,0.33159523830710735,0.24743758169917457,-0.6611159518627913,-0.4583477830332296,-0.5384603313245601,-0.8312612587740106,-1.5374847796682172,0.3403888569096468,-0.21320071635561044,-0.8263938705413376,-0.2048725542574138,-0.1212678125181665,-0.6812038495466988,-0.29896466627651,-0.3164962772294361,-2.437113261745516,0.32073747224110416,0.11469390074469796,-0.34564291768915584,0.31211457344739685,0.11730897910781478,-0.17082997212852297,-0.33981383301529244,-0.47723998901751497,-0.6164414002968976
CCN1C=C[N+](=C1)C.F[B-](F)(F)C(F)(F)C(F)(F)C(F)(F)C(F)(F)F,0.9474631072875658,-0.651690291468889,-0.6778939308967812,-1.3031037772962184,0.25424771788159384,-1.2572607364472055,-0.312976998558177,-0.7433073399217704,-1.0701285225149095,-0.13303539105778864,1.7793264222455787,-1.0749376887854343,0.6937344921544832,0.9699871357579898,-0.8467120223878928,0.48938247154817216,3.5954460168630575,1.598875857786537,-0.334041649110928,0.5385980456856355,1.0955080486368576,-0.38649880517734675,-0.8927842674566674,-0.6504134614800899,-1.0371368986704785,-0.15544160432738227,0.01447793063299437,0.9410108439725289,0.33159523830710735,0.24743758169917457,-0.6611159518627913,-0.2025203924974773,-0.5384603313245601,-0.8312612587740106,-1.5374847796682172,0.3403888569096468,-0.21320071635561044,-0.8263938705413376,-0.2048725542574138,-0.1212678125181665,-0.6812038495466988,-0.29896466627651,-0.3164962772294361,-4.103957334117373,0.32073747224110416,0.0767629967348879,-0.34564291768915584,0.31211457344739685,0.3918070833356567,-0.17082997212852297,-0.33981383301529244,-0.47723998901751497,-0.6164414002968976
COCC[N+](C)(C)C.F[B-](F)(F)C(F)(F)C(F)(F)OC(F)(F)F,0.7424178304851943,0.8815770040753775,-0.43104949058382264,-0.5350247789188025,0.00605668867215096,-1.2584191020572892,-0.8406431211435114,-1.060340131956967,0.28968362736922304,-0.13303538215511249,0.6507305563692188,0.18464178544813714,2.415907211799607,-0.21115073404216492,-0.9867282684169637,-0.722310925976598,-0.2794955125518053,1.6299799234502388,-0.334041649110928,-0.07632018864525039,-0.607046726111198,2.411585025329098,-0.8927842674566674,-1.1940252415351251,1.449904725542402,-0.15544160432738227,-0.8037293695673489,-0.8978286760768263,-1.219581306235284,-0.9274640355040075,-0.6611159518627913,1.326034833519355,-1.010327052436337,-0.8312612587740106,-1.2431408021919281,-0.7039403046474081,-0.21320071635561044,-0.8263938705413376,1.3588487047947642,-0.1212678125181665,0.24667166476766403,-0.29896466627651,-0.3164962772294361,-0.9877924577144224,0.32073747224110416,-1.2582707866022287,-0.34564291768915584,-1.2261643956862018,0.09056345313315192,-0.9566478439197282,2.004901614790225,3.6389549162585517,1.6222142113076252
COCC[N+](C)(C)C.F[B-](F)(F)C(F)(F)C(F)(F)C(F)(F)F,0.6114166814170131,3.0559370725787947,-0.49346569531273227,-0.4402647125643544,-0.1411411270277999,-1.2572651993434487,-0.8406431045424354,-1.1713585869338086,0.35683484464745185,-0.1330353953484367,0.41479359557564693,-0.5901348118210707,2.415907211799607,-0.21115073404216492,-0.9867282684169637,-0.722310925976598,3.5954460168630575,0.9202996897224431,-0.334041649110928,-0.7387174167447692,0.4144861387376352,-0.38649880517734675,-0.8927842674566674,-1.1940252415351251,1.449904725542402,-0.15544160432738227,-0.8037293695673489,-0.8978286760768263,-1.219581306235284,-0.9274640355040075,-0.6611159518627913,1.3099608454242713,-1.5692642791067815,-0.8312612587740106,-1.5246739537055185,-0.7039403046474081,-0.21320071635561044,-0.8263938705413376,-0.2048725542574138,-0.1212678125181665,0.24667166476766403,-0.29896466627651,-0.3164962772294361,-2.437113261745516,0.32073747224110416,-1.2711077747278892,-0.34564291768915584,-1.2261643956862018,0.12011747537332904,-0.9566478439197282,2.004901614790225,1.5808574636205182,1.6222142113076252
COCC[N+](C)(C)C.F[B-](F)(F)C(F)(F)C(F)(F)C(F)(F)C(F)(F)F,0.9474631072875658,3.0559370725787947,-0.6778939308967812,-0.6084971244208673,0.31894520147444605,-1.257260383462936,-0.8406431154934523,-0.9465055800455016,0.12180558417365109,-0.1330353222632427,1.1343821022153953,-0.6295553623131849,2.415907211799607,-0.21115073404216492,-0.9867282684169637,-0.722310925976598,3.5954460168630575,1.598875857786537,-0.334041649110928,-0.7387174167447692,1.0955080486368576,-0.38649880517734675,-0.8927842674566674,-1.1940252415351251,1.449904725542402,-0.15544160432738227,-0.8037293695673489,-0.8978286760768263,-1.219581306235284,-0.9274640355040075,-0.6611159518627913,1.565788235960023,-1.5692642791067815,-0.8312612587740106,-1.5246739537055185,-0.7039403046474081,-0.21320071635561044,-0.8263938705413376,-0.2048725542574138,-0.1212678125181665,0.24667166476766403,-0.29896466627651,-0.3164962772294361,-4.103957334117373,0.32073747224110416,-1.309038678737699,-0.34564291768915584,-1.2261643956862018,0.3946155796011714,-0.9566478439197282,2.004901614790225,1.5808574636205182,1.6222142113076252
CCCC[N+](C)(CC)CC.F[B-](F)(F)C(F)(F)C(F)(F)OC(F)(F)F,0.7424178304851943,0.8815770040753775,-0.43104949058382264,-0.017563106303031574,0.24602252585485582,-1.2584190072223214,-0.9347646569453708,-0.38005084591714994,0.35683484464745185,-0.13303420953298992,0.290352954668822,-0.025513851030678502,1.5311143581593991,-1.1044321021646082,-0.9867282684169637,-0.722310925976598,-0.2794955125518053,1.6299799234502388,-0.334041649110928,-0.07632018864525039,-0.607046726111198,2.411585025329098,-0.14839607043199957,0.398810051868852,0.5424128135794554,-0.15544160432738227,-0.8037293695673489,-0.8978286760768263,-1.219581306235284,-0.9274640355040075,-0.6611159518627913,0.6973279328234125,-1.5692642791067815,-0.8312612587740106,-1.5246739537055185,-0.7039403046474081,-0.21320071635561044,-0.8263938705413376,1.3588487047947642,-0.1212678125181665,-0.6812038495466988,-0.29896466627651,-0.3164962772294361,-0.9877924577144224,0.32073747224110416,-2.601896131522827,-0.34564291768915584,-1.2261643956862018,0.9261559035758155,-0.9566478439197282,-0.33981383301529244,1.5808574636205182,1.6222142113076252
CCC[N+]1(C)CCCC1.F[B-](F)(F)C(F)(F)C(F)(F)OC(F)(F)F,0.7424178304851943,0.8815770040753775,-0.43104949058382264,1.1059890728815382,0.0984198908605254,-1.258419146644355,-0.9118695381727024,-0.5961404446883216,0.35683484464745185,-0.13303518613537524,0.45003480973845855,-0.5748737942956815,1.5311143581593991,-1.1044321021646082,-0.9867282684169637,-0.722310925976598,-0.2794955125518053,1.6299799234502388,-0.334041649110928,-0.07632018864525039,-0.607046726111198,2.411585025329098,-0.5071103021974078,-0.6884135082412186,0.5424128135794554,-0.15544160432738227,-0.8037293695673489,-0.8978286760768263,-1.219581306235284,-0.9274640355040075,-0.6611159518627913,0.6973279328234125,-1.5692642791067815,-0.8312612587740106,-1.5246739537055185,-0.7039403046474081,-0.21320071635561044,-0.8263938705413376,1.3588487047947642,-0.1212678125181665,-0.6812038495466988,-0.29896466627651,-0.3164962772294361,-0.9877924577144224,0.32073747224110416,-1.2968304753637938,2.3042861179277057,0.31211457344739685,0.6513121382691407,-0.9566478439197282,-0.33981383301529244,1.5808574636205182,1.6222142113076252
CCCC[N+]1(C)CCCC1.FC(F)(F)C(F)(F)S(=O)(=O)[N-]S(=O)(=O)C(F)(F)C(F)(F)F,1.1765446345556119,-0.2618106557597889,-0.4896234404047325,0.5824004638743303,1.3990306801978534,0.7011626295343384,-0.9123780017157859,0.6672308782719101,0.0799450850911191,-0.13302606212842458,1.792626192807311,-0.4809191281548411,-0.11628340278530441,-1.1044321021646082,1.0609315383947782,-0.722310925976598,-0.2794955125518053,1.3540349159099854,-0.334041649110928,0.38765109226925315,2.117040913485691,-0.38649880517734675,-0.14839607043199957,-0.6884135082412186,0.5424128135794554,-0.15544160432738227,-0.8037293695673489,-0.8978286760768263,-0.8762775283867735,-0.9274640355040075,-0.6611159518627913,1.3205190889363856,0.2372418748051211,0.7245944301530552,0.7065449014644847,-0.7039403046474081,4.69041575982343,-0.8263938705413376,-0.2048725542574138,-0.1212678125181665,-0.6812038495466988,-0.29896466627651,-2.620884441294487,0.3732098011257756,0.32073747224110416,-0.46162332423864233,2.3042861179277057,0.31211457344739685,0.47092026275344123,-0.17082997212852297,-0.33981383301529244,-0.47723998901751497,1.6222142113076252
CCCC[N+]1(C)CCCC1.FC(F)(F)C(F)(F)C(F)(F)C(F)(F)S(=O)(=O)[N-]S(=O)(=O)C(F)(F)F,1.6310233059905832,-0.3607584073200089,-0.7416181372964998,0.3684649984117164,1.859117008700106,0.7011677060072737,-0.9123780063614949,1.0640564958650875,-0.15508417538268168,-0.133003913086439,2.528945317144388,-0.5393710195051654,-0.11628340278530441,-1.1044321021646082,1.0609315383947782,-0.722310925976598,-0.2794955125518053,2.0326110839740794,-0.334041649110928,0.38765109226925315,2.7980628233849134,-0.38649880517734675,-0.14839607043199957,-0.6884135082412186,0.5424128135794554,-0.15544160432738227,-0.8037293695673489,-0.8978286760768263,-0.8762775283867735,-0.9274640355040075,-0.6611159518627913,1.5763464794721382,0.2372418748051211,0.7245944301530552,0.7065449014644847,-0.7039403046474081,4.69041575982343,-0.8263938705413376,-0.2048725542574138,-0.1212678125181665,-0.6812038495466988,-0.29896466627651,-1.58042460339832,-2.730181693885478,0.32073747224110416,-0.46162332423864233,2.3042861179277057,0.31211457344739685,0.7454183669812832,-0.17082997212852297,-0.33981383301529244,-0.47723998901751497,1.6222142113076252
