IL_smiles,MaxAbsEStateIndex,MinAbsEStateIndex,MinEStateIndex,SPS,MolWt,NumRadicalElectrons,FpDensityMorgan1,BCUT2D_MWHI,BCUT2D_MWLOW,BCUT2D_MRHI,AvgIpc,HallKierAlpha,Ipc,Kappa1,Kappa3,PEOE_VSA1,PEOE_VSA10,PEOE_VSA11,PEOE_VSA12,PEOE_VSA13,PEOE_VSA14,PEOE_VSA2,PEOE_VSA3,PEOE_VSA5,PEOE_VSA9,SMR_VSA10,SMR_VSA2,SMR_VSA3,SMR_VSA4,SMR_VSA6,SMR_VSA7,SlogP_VSA1,SlogP_VSA10,SlogP_VSA12,SlogP_VSA2,SlogP_VSA3,SlogP_VSA7,SlogP_VSA8,TPSA,EState_VSA2,EState_VSA8,VSA_EState10,VSA_EState2,VSA_EState5,VSA_EState6,VSA_EState8,VSA_EState9,NumHeterocycles,fr_pyridine,fr_quatN
CCCCN1C=C[N+](=C1)C.COS(=O)(=O)[O-],-0.4274716028535954,-0.6156311771884131,0.5906099018241977,-0.1207725432800453,-0.6858453548339142,-0.16439898730535726,1.283008320410102,0.4478252828597341,0.1913189578169959,0.5613570093655149,0.30411156345731094,0.18475112311048764,-0.1175852800289008,-0.7402116055664085,-0.32799126659707467,-0.5324868005078963,0.6479253333527044,-0.6640209652664929,3.0566885878465837,-0.29037022914157296,-0.4704611772211769,2.2862023594037373,0.39015166748470687,-0.23570226039551576,0.6654775118334912,-0.12551138117323504,-0.43262951177644,0.8044854918635507,0.7799558094381508,-0.17734459263890623,0.19896080091244678,-0.1278472597061993,-0.8025559437949851,-0.562870181002857,-0.05074469220906675,1.1131932345288218,-0.1643989873053573,-0.6959048539976065,0.4610620600876835,0.5573835962075638,1.3327955513640317,0.07333535868228948,-0.44524757740045645,0.008716465854347218,0.045871425474649084,0.5757248486813792,-0.12843706569359897,0.5570860145311556,-0.3892494720807615,-0.3665083330689156
CCCCN1C=C[N+](=C1)C.C(F)(F)(F)S(=O)(=O)[O-],0.2823684541816033,-0.6156311771884131,0.21517011740433253,-0.6113112729004581,-0.4423191515220055,-0.16439898730535726,0.957983439135566,0.44659290021946735,0.19131895758184014,0.6092986568528389,0.3282418896788253,-0.037344927103680814,-0.1175852800289008,-0.19802639650668954,-0.42759555910102165,-0.5324868005078963,0.6479253333527044,0.2873055134177545,0.5374937236632275,-0.29037022914157296,-0.23717473860521304,-0.3867183411166511,0.39015166748470687,-0.23570226039551576,-0.27421154405144604,-0.15973535602425085,-0.43262951177644,0.8044854918635507,0.7799558094381508,-0.7721408790335049,0.19896080091244678,-0.1278472597061993,-0.06192606095029831,-0.562870181002857,-0.13746634740308614,0.6578838092153676,-0.1643989873053573,-0.6959048539976065,0.18495304764045703,0.5573835962075638,-0.391016476440307,0.07333535868228948,-0.44524757740045645,0.008716465854347218,0.045871425474649084,0.5757248486813792,0.22852219511251518,0.5570860145311556,-0.3892494720807615,-0.3665083330689156
CCCCN1C=C[N+](=C1)C.F[Sb-](F)(F)(F)(F)F,0.6443645079229251,-0.6156311771884131,-1.7298741114669736,-0.10324197828206785,0.11359477692004695,-0.16439898730535726,0.3538195421781934,0.44654473993833904,0.020046354301348324,0.5206077577202515,0.18420604596078055,0.8747928620111921,-0.1175852800289008,-0.2535811508304308,0.21511552533985234,-1.3226111391550606,0.6479253333527044,-0.6640209652664929,0.5374937236632275,-0.29037022914157296,1.0691489634142524,-0.3867183411166511,-0.5255831118176617,-0.23570226039551576,-0.27421154405144604,0.980405339708334,-0.43262951177644,0.8044854918635507,0.7799558094381508,-0.7721408790335049,0.19896080091244678,-0.1278472597061993,0.1465023800549545,-0.562870181002857,-0.08098112284023086,-0.3741324716685751,-0.1643989873053573,-0.6959048539976065,-1.526145057666301,0.5573835962075638,-0.391016476440307,-8.230511386532438,-0.44524757740045645,0.008716465854347218,0.045871425474649084,0.5757248486813792,1.2302926646387944,0.5570860145311556,-0.3892494720807615,-0.3665083330689156
CCCC[N+]1(CCCC1)C.C(F)(F)(F)S(=O)(=O)[N-]S(=O)(=O)C(F)(F)F,0.7603742668778218,0.2009016474009028,-0.022790206154754737,0.8647713596527719,0.4178694513749468,-0.16439898730535726,-0.37851887266532586,0.45177466879813905,0.020046354301348324,0.8276157152809456,0.3444204160809042,0.6028142764548045,-0.1175852800289008,0.7014464987991789,-0.3686131632159041,0.1717191149683979,-1.5861983085027498,1.0919172526227532,-0.9895204854602604,-0.29037022914157296,-0.0038882999892492047,-0.3867183411166511,0.31221743913386957,-0.23570226039551576,1.2829227980938727,1.0500296814078751,-0.43262951177644,-1.200847939378234,-1.1724942371496139,1.4646062526304848,-1.2756812633462207,-1.3210099664148178,0.6787038218943886,-0.562870181002857,1.8896977845530325,0.296383673135844,-0.1643989873053573,1.3489348657656888,0.674650180225625,-1.135062659444253,-0.391016476440307,0.07333535868228948,-0.44524757740045645,0.008716465854347218,0.045871425474649084,-0.8797678855164494,-0.980912893980329,0.5570860145311556,-0.3892494720807615,2.728450923957483
CC[S+](CC)CC.C(F)(F)(F)S(=O)(=O)[N-]S(=O)(=O)C(F)(F)F,0.7603742668778218,0.2009016474009028,-0.022790206154754737,-0.6544355568231318,0.27027606387351144,-0.16439898730535726,-0.7912413764510275,0.45178009166373434,2.0887637689664325,0.8276741794127649,-0.029693314804077015,1.1123287445931904,-0.1175852800289008,0.9383333313515756,-0.35684713707829063,-0.6063055711757588,0.9481662275516651,1.0919172526227532,-0.9895204854602604,-0.29037022914157296,-0.0038882999892492047,-0.3867183411166511,0.31221743913386957,-0.23570226039551576,-1.2941054146963642,2.3775641468741644,-0.43262951177644,-1.200847939378234,-1.1724942371496139,0.6742828596119368,-1.2756812633462207,-1.3210099664148178,0.6787038218943886,-0.562870181002857,1.105349423235089,1.4076365434902463,-0.1643989873053573,1.3489348657656888,0.674650180225625,-1.135062659444253,-0.391016476440307,0.07333535868228948,-0.44524757740045645,0.008716465854347218,0.045871425474649084,0.5181379056919815,-1.5486209023663733,-1.7950549357115015,-0.3892494720807615,-0.3665083330689156
CCCC[N+]1(CCCCC1)C.C(F)(F)(F)S(=O)(=O)[N-]S(=O)(=O)C(F)(F)F,0.7603742668778218,0.2009016474009028,-0.022790206154754737,1.1326158132032675,0.507831318427597,-0.16439898730535726,-0.4721260384723923,0.4517746854206098,-0.5768510984347942,0.8276168593653046,0.32761589091613236,0.6028142764548045,-0.1175852800289008,0.6775880395011588,-0.35189967278968004,0.1717191149683979,-1.5861983085027498,1.0919172526227532,-0.9895204854602604,-0.29037022914157296,-0.0038882999892492047,-0.3867183411166511,0.31221743913386957,-0.23570226039551576,1.2829227980938727,1.0500296814078751,-0.43262951177644,-1.200847939378234,-1.1724942371496139,1.4646062526304848,-1.2756812633462207,-1.3210099664148178,0.6787038218943886,-0.562870181002857,1.8896977845530325,0.296383673135844,-0.1643989873053573,1.3489348657656888,0.674650180225625,-1.135062659444253,-0.391016476440307,0.07333535868228948,-0.44524757740045645,0.008716465854347218,0.045871425474649084,-1.0223281684198846,-0.980912893980329,0.5570860145311556,-0.3892494720807615,2.728450923957483
CCCCN1C=C[N+](=C1)C.C(#N)[N-]C#N,-1.451378866042241,-0.6156311771884131,1.0745204368185608,-0.6877028615634802,-0.9748046419271742,-0.16439898730535726,1.0879933916453806,-1.3728180782289499,0.19131895552853317,-1.6575818124283028,0.36878646973286416,-1.2392764929685907,-0.1175852800289008,-0.8577249056408234,-0.4002304206844818,0.5037789328085562,0.6479253333527044,-0.6640209652664929,0.5374937236632275,-0.29037022914157296,-0.4704611772211769,3.010619472980411,-0.5255831118176617,-0.23570226039551576,-0.27421154405144604,-1.3926115252069127,1.2868933707056196,0.8044854918635507,0.7799558094381508,-0.7721408790335049,0.7388650257831777,-0.1278472597061993,-0.8025559437949851,-0.562870181002857,-1.1851231378557594,-0.3741324716685751,-0.1643989873053573,1.9381935023442614,0.31896912302112584,0.5573835962075638,1.799984470693981,0.07333535868228948,-0.44524757740045645,0.008716465854347218,0.045871425474649084,0.5757248486813792,1.2302926646387944,0.5570860145311556,-0.3892494720807615,-0.3665083330689156
CCN1C=C[N+](=C1)C.C(#N)[S-],-1.6426239465601467,-0.5527401340130754,1.3003078725388173,-0.8308530819613421,-1.2057668402803534,-0.16439898730535726,2.08079666535669,0.4335025482519561,1.4002697597035334,0.42284826053730973,-0.019055422919128415,-0.024280453561670617,-0.1175852800289008,-1.055449326821539,-0.5528488448748782,0.8691002331633217,0.6479253333527044,-0.6640209652664929,0.5374937236632275,-0.29037022914157296,-0.4704611772211769,-0.3867183411166511,0.046834720373093136,-0.23570226039551576,-0.27421154405144604,0.14618447954143973,0.42713192946458983,0.8044854918635507,0.7799558094381508,-0.7721408790335049,0.19896080091244678,-0.1278472597061993,-0.8025559437949851,-0.562870181002857,-1.1851231378557594,0.9139632589126023,-0.1643989873053573,-0.6959048539976065,-0.8144838002318996,0.5573835962075638,4.813194381897355,2.803694844043017,-0.44524757740045645,0.008716465854347218,0.045871425474649084,0.7122164323590779,1.2302926646387944,0.5570860145311556,-0.3892494720807615,-0.3665083330689156
CCN1C=C[N+](=C1)C.C(F)(F)(F)S(=O)(=O)[N-]S(=O)(=O)C(F)(F)F,0.7603742668778218,-0.5527401340130754,-0.022790206154754737,-1.2546934467033286,0.2184230878187121,-0.16439898730535726,-0.06513836105036441,0.4517746356047584,1.4002696408105364,0.8276133532575588,0.3153863321352717,-0.37702123919593844,-0.1175852800289008,1.432205403406626,-0.4417428253003409,-0.6063055711757588,0.6479253333527044,1.2207987075141258,0.5374937236632275,-0.29037022914157296,-0.0038882999892492047,-0.3867183411166511,1.3058864467870752,-0.23570226039551576,-0.27421154405144604,1.0500296814078751,-0.43262951177644,0.8044854918635507,0.7799558094381508,-0.7721408790335049,0.6180862300087623,-0.1278472597061993,0.6787038218943886,-0.562870181002857,0.39395569267304315,1.6705542183626385,-0.1643989873053573,1.3489348657656888,0.9381951856059142,0.5573835962075638,-0.391016476440307,0.07333535868228948,-0.44524757740045645,0.008716465854347218,0.045871425474649084,0.7122164323590779,-0.980912893980329,0.5570860145311556,-0.3892494720807615,-0.3665083330689156
CCC[N+]1(CCCC1)C.C(F)(F)(F)S(=O)(=O)[N-]S(=O)(=O)C(F)(F)F,0.7603742668778218,0.2009016474009028,-0.022790206154754737,0.7963885665753894,0.32790758432229694,-0.16439898730535726,-0.37461857409003135,0.451774652177447,0.298014103660412,0.827614571103811,0.2600366158836346,0.6028142764548045,-0.1175852800289008,0.7360227579593313,-0.4207487988081,0.1717191149683979,-1.5861983085027498,1.0919172526227532,-0.9895204854602604,-0.29037022914157296,-0.0038882999892492047,-0.3867183411166511,0.31221743913386957,-0.23570226039551576,1.2829227980938727,1.0500296814078751,-0.43262951177644,-1.200847939378234,-1.1724942371496139,1.4646062526304848,-1.2756812633462207,-1.3210099664148178,0.6787038218943886,-0.562870181002857,1.8896977845530325,0.296383673135844,-0.1643989873053573,1.3489348657656888,0.674650180225625,-1.135062659444253,-0.391016476440307,0.07333535868228948,-0.44524757740045645,0.008716465854347218,0.045871425474649084,-0.7999482004924446,-0.980912893980329,0.5570860145311556,-0.3892494720807615,2.728450923957483
CCCN1C=C[N+](=C1C)C.C(F)(F)(F)S(=O)(=O)[N-]S(=O)(=O)C(F)(F)F,0.7603742668778218,-0.5275906368489858,-0.022790206154754737,-0.953841299486266,0.39834682192401244,-0.16439898730535726,-0.004090209437060619,0.4517746689187104,0.5714711517736923,0.8276158587554114,0.5603677561664302,-0.37702123919593844,-0.1175852800289008,1.206095906641738,-0.43495072835917403,-0.6063055711757588,0.6479253333527044,1.0919172526227532,-0.9895204854602604,2.9000091821374614,-0.0038882999892492047,-0.3867183411166511,1.3058864467870752,-0.23570226039551576,-0.27421154405144604,1.0500296814078751,-0.43262951177644,0.8044854918635507,0.7799558094381508,-0.7721408790335049,0.5694485197789595,-0.1278472597061993,0.6787038218943886,-0.562870181002857,0.39395569267304315,1.6705542183626385,-0.1643989873053573,1.3489348657656888,0.9381951856059142,0.5573835962075638,-0.391016476440307,0.07333535868228948,-0.44524757740045645,-0.9220786514544369,0.045871425474649084,0.12849910770496592,-0.980912893980329,0.5570860145311556,-0.3892494720807615,-0.3665083330689156
CCN1C=C[N+](=C1)C.[B-](F)(F)(F)F,-0.2791529835116299,-0.5527401340130754,0.2492018468462258,-0.820772080524873,-1.0215781427766064,-0.16439898730535726,0.9679842047132441,-0.9086999464369563,0.24898297074235629,-0.5200202097630244,-0.07206589170411132,0.07361826375962394,-0.1175852800289008,-0.7084035101293807,-0.29961345413540413,1.6732987823056447,0.6479253333527044,-0.6640209652664929,0.5374937236632275,-0.29037022914157296,-0.16322560220109758,-0.3867183411166511,-0.5255831118176617,-0.23570226039551576,-0.27421154405144604,-0.508674477901539,-0.43262951177644,0.8044854918635507,0.7799558094381508,-0.7721408790335049,0.19896080091244678,-0.1278472597061993,0.16813616801483608,-0.562870181002857,-0.7738356973876572,-0.3741324716685751,-0.1643989873053573,-0.6959048539976065,-1.526145057666301,0.5573835962075638,-0.391016476440307,0.07333535868228948,-0.44524757740045645,0.008716465854347218,0.045871425474649084,0.7122164323590779,0.24337170036204936,0.5570860145311556,-0.3892494720807615,-0.3665083330689156
CCCCN1C=C[N+](=C1)C.[B-](F)(F)(F)F,-0.2791529835116299,-0.6156311771884131,0.2492018468462258,-0.37720801732022974,-0.8416544086713057,-0.16439898730535726,0.7759695056218261,-0.9086997616935988,0.19131883769305083,-0.5200179686198647,0.20772681723916794,0.07361826375962394,-0.1175852800289008,-0.7021549532832109,-0.18789305023144579,1.6732987823056447,0.6479253333527044,-0.6640209652664929,0.5374937236632275,-0.29037022914157296,-0.16322560220109758,-0.3867183411166511,-0.5255831118176617,-0.23570226039551576,-0.27421154405144604,-0.508674477901539,-0.43262951177644,0.8044854918635507,0.7799558094381508,-0.7721408790335049,0.19896080091244678,-0.1278472597061993,0.16813616801483608,-0.562870181002857,-0.7738356973876572,-0.3741324716685751,-0.1643989873053573,-0.6959048539976065,-1.526145057666301,0.5573835962075638,-0.391016476440307,0.07333535868228948,-0.44524757740045645,0.008716465854347218,0.045871425474649084,0.5757248486813792,0.24337170036204936,0.5570860145311556,-0.3892494720807615,-0.3665083330689156
CCCCCCN1C=C[N+](=C1)C.C(F)(F)(F)S(=O)(=O)[N-]S(=O)(=O)C(F)(F)F,0.7603742668778218,-0.5119920308989186,-0.022790206154754737,-0.6975598407458055,0.5782705560293129,-0.16439898730535726,-0.2987794351259729,0.45177470209164533,-0.2614293961795611,0.8276179297402293,0.6728818469015864,-0.37702123919593844,-0.1175852800289008,1.0755359214293956,-0.29870867554145103,-0.6063055711757588,0.6479253333527044,1.2207987075141258,0.5374937236632275,-0.29037022914157296,-0.0038882999892492047,-0.3867183411166511,1.3058864467870752,-0.23570226039551576,-0.27421154405144604,1.0500296814078751,-0.43262951177644,0.8044854918635507,0.7799558094381508,-0.7721408790335049,0.6180862300087623,-0.1278472597061993,0.6787038218943886,-0.562870181002857,0.39395569267304315,1.6705542183626385,-0.1643989873053573,1.3489348657656888,0.9381951856059142,0.5573835962075638,-0.391016476440307,0.07333535868228948,-0.44524757740045645,0.008716465854347218,0.045871425474649084,0.4974191791672402,-0.980912893980329,0.5570860145311556,-0.3892494720807615,-0.3665083330689156
CCN1C=C[N+](=C1)C.CS(=O)(=O)[O-],-0.4116948457082563,-0.5527401340130754,0.592136966606847,-0.3516177829045773,-0.9683783361749284,-0.16439898730535726,1.5080255459078578,0.4465312911221325,1.4002697287539116,0.5955503164323999,0.08608297794667734,0.23700901727852727,-0.1175852800289008,-0.9226089672302399,-0.2926196049666616,-0.5324868005078963,0.6479253333527044,-0.6640209652664929,0.5374937236632275,-0.29037022914157296,-0.4704611772211769,-0.3867183411166511,0.39015166748470687,-0.23570226039551576,0.5784968460245216,-0.15973535602425085,-0.43262951177644,0.8044854918635507,0.7799558094381508,-0.2495208255195163,0.19896080091244678,-0.1278472597061993,-0.8025559437949851,-0.562870181002857,-0.09916368384241582,0.6578838092153676,-0.1643989873053573,-0.6959048539976065,0.18495304764045703,0.5573835962075638,-0.391016476440307,0.07333535868228948,-0.44524757740045645,0.008716465854347218,0.045871425474649084,0.7122164323590779,0.39300902249197284,0.5570860145311556,-0.3892494720807615,-0.3665083330689156
CCCCCCCCCCCCCC[P+](CCCCCC)(CCCCCC)CCCCCC.C(C(F)(F)[P-](C(C(F)(F)F)(F)F)(C(C(F)(F)F)(F)F)(F)(F)F)(F)(F)F,2.956721189794168,4.1297930410385915,-3.1456813170944713,0.7737642501331983,3.666046335195625,-0.16439898730535726,-2.045694774022215,0.44654473993833904,0.020046354301348324,0.5206077577202515,-2.579667980702176,0.8641037472950021,0.03581373533122178,2.417512318355564,0.0006324598063686495,-1.3226111391550606,-1.5861983085027498,-0.7929024201578656,-0.9895204854602604,-0.29037022914157296,4.647432684229024,-0.3867183411166511,-1.519252119470867,-0.23570226039551576,0.9979785587649963,0.33018452714997354,-0.43262951177644,-1.200847939378234,-1.1724942371496139,1.2947059378753931,-1.6948066924425362,-1.3210099664148178,3.6085797754612745,3.529729005775445,1.9562637337821314,-1.7483030168953693,-0.1643989873053573,-0.6959048539976065,-1.78969006304659,-1.135062659444253,-0.391016476440307,0.07333535868228948,-0.44524757740045645,0.008716465854347218,0.045871425474649084,-2.4502230488688483,-0.4366822007664888,-1.7950549357115015,-0.3892494720807615,-0.3665083330689156
CCCC[P+](C)(CCCC)CCCC.COS(=O)(=O)[O-],-0.4274716028535954,2.639323132241842,-0.40911141791155353,1.3915036847082858,-0.1847281892134136,-0.16439898730535726,-0.3551170812135592,0.4478255115169583,0.3158264699661597,0.5614639734675454,0.3840718212139045,1.7786168952356953,-0.1175852800289008,-0.7511158137454441,0.11371584772627229,-0.5324868005078963,-1.5861983085027498,-0.7929024201578656,1.5296743787230966,-0.29037022914157296,-0.4704611772211769,2.2862023594037373,-0.6035173401684988,-0.23570226039551576,1.5379282975127204,0.7594090836457025,-0.43262951177644,-1.200847939378234,-1.1724942371496139,1.9299810315688333,-1.6948066924425362,-1.3210099664148178,-0.8025559437949851,1.5393082920246757,1.104011092457942,-0.2609773106979723,-0.1643989873053573,-0.6959048539976065,0.1975170547073948,-1.135062659444253,1.3327955513640317,0.07333535868228948,-0.44524757740045645,0.008716465854347218,0.045871425474649084,-0.4071196034256191,-1.4026083825435163,-1.7950549357115015,-0.3892494720807615,-0.3665083330689156
CCN1C=C[N+](=C1)C.C(#N)[N-]C#N,-1.6426239465601467,-0.5527401340130754,1.3003078725388173,-1.179035362344008,-1.1547283760324751,-0.16439898730535726,1.3280117655096528,-1.373083608675174,1.4002696957269944,-1.6575926641503358,0.13959556285623084,-1.2392764929685907,-0.1175852800289008,-0.883230366091041,-0.5007108894169704,0.5037789328085562,0.6479253333527044,-0.6640209652664929,0.5374937236632275,-0.29037022914157296,-0.4704611772211769,3.010619472980411,-0.5255831118176617,-0.23570226039551576,-0.27421154405144604,-1.3926115252069127,1.2868933707056196,0.8044854918635507,0.7799558094381508,-0.7721408790335049,0.7388650257831777,-0.1278472597061993,-0.8025559437949851,-0.562870181002857,-1.1851231378557594,-0.3741324716685751,-0.1643989873053573,1.9381935023442614,0.31896912302112584,0.5573835962075638,1.799984470693981,0.07333535868228948,-0.44524757740045645,0.008716465854347218,0.045871425474649084,0.7122164323590779,1.2302926646387944,0.5570860145311556,-0.3892494720807615,-0.3665083330689156
CCN1C=C[N+](=C1)C.CC(=O)[O-],-0.5271345321375758,-0.5527401340130754,1.3003078725388173,-0.37720801732022974,-1.1996163141162777,-0.16439898730535726,1.8680531067042667,-1.2374685689850577,1.4002697389479026,-1.2636050583970353,0.105207061720607,-0.3378278185699082,-0.1175852800289008,-1.1258258261114074,-0.49053563670622924,0.39570687069750055,0.6479253333527044,-0.6640209652664929,0.5374937236632275,-0.29037022914157296,-0.4704611772211769,-0.3867183411166511,-0.5255831118176617,-0.23570226039551576,-0.27421154405144604,-0.6652620524612403,-0.43262951177644,0.8044854918635507,0.7799558094381508,-0.7721408790335049,0.19896080091244678,1.2062418818031995,-0.8025559437949851,-0.562870181002857,-0.8466943958052591,0.11489484556138396,-0.1643989873053573,-0.6959048539976065,-0.325684096722941,0.5573835962075638,-0.391016476440307,0.07333535868228948,2.0912589609945043,-1.3504403622832792,0.045871425474649084,0.3338009902614791,1.2302926646387944,0.5570860145311556,-0.3892494720807615,-0.3665083330689156
CCCCN1C=C[N+](CCCC)=C1.C(F)(F)(F)S(=O)(=O)[N-]S(=O)(=O)C(F)(F)F,0.7603742668778218,-0.21553557834135229,-0.022790206154754737,-0.5831484752366713,0.6682324230819626,-0.16439898730535726,-0.38854821185893995,0.4517747187305664,0.17942063991183207,0.8276190641794936,0.7412601310713466,-0.37702123919593844,-0.1175852800289008,1.0331712350420197,-0.30710529022301736,-0.6063055711757588,0.6479253333527044,1.2207987075141258,0.5374937236632275,-0.29037022914157296,-0.0038882999892492047,-0.3867183411166511,1.3058864467870752,-0.23570226039551576,-0.43009777746354744,1.0500296814078751,-0.43262951177644,0.8044854918635507,-1.1724942371496139,-0.7721408790335049,0.6180862300087623,-0.1278472597061993,0.6787038218943886,-0.562870181002857,0.39395569267304315,1.621701108318306,-0.1643989873053573,1.3489348657656888,0.9381951856059142,-1.135062659444253,-0.391016476440307,0.07333535868228948,-0.44524757740045645,0.008716465854347218,0.045871425474649084,-0.07319868002390852,-0.980912893980329,0.5570860145311556,-0.3892494720807615,-0.3665083330689156
CCN1C=C[N+](C)=C1.C(#N)[C-](C#N)C#N,-1.4834311937928015,-0.5527401340130752,1.3003078725388173,-1.4047980970776532,-1.0006637884272307,-0.16439898730535726,0.7759695056218261,-1.3730881546234022,-0.10910692880079631,-1.4411864832778025,0.2797421889295696,-1.8141133288170268,-0.1175852800289008,-0.6068387069828595,-0.5176087782040123,-1.3226111391550606,0.6479253333527044,-0.6640209652664929,0.5374937236632275,-0.29037022914157296,-0.4704611772211769,-0.3867183411166511,1.191670384754603,-0.23570226039551576,-0.27421154405144604,-1.3926115252069127,2.1466548119466498,0.8044854918635507,0.7799558094381508,-0.7721408790335049,0.7999067317517868,-0.1278472597061993,-0.8025559437949851,-0.562870181002857,-1.1851231378557594,-0.3741324716685751,-0.1643989873053573,-0.6959048539976065,0.6088387146369034,0.5573835962075638,-0.391016476440307,0.07333535868228948,-0.44524757740045645,-0.26405549273382684,2.955955258674026,0.7122164323590782,1.2302926646387944,0.5570860145311556,-0.3892494720807615,-0.3665083330689156
CCN1C=C[N+](=C1)C.COP(=O)[O-],-0.27355202094783626,-0.5527401340130754,0.68281552774796,0.17724706168557444,-0.9689234818724742,-0.16439898730535726,2.0480668871024714,0.3298248816917403,1.4002697394479275,0.14449513004455627,0.05373435644276861,0.5505563822867648,-0.1175852800289008,-0.9499787792039176,-0.4322280612461959,1.1039843040899717,2.0515012899420033,-0.6640209652664929,0.5374937236632275,-0.29037022914157296,-0.4704611772211769,-0.3867183411166511,-0.5255831118176617,-0.23570226039551576,0.07235180840480411,-0.39346018273235217,-0.22372138392613347,0.8044854918635507,0.7799558094381508,-0.17734459263890623,0.19896080091244678,1.1505650113733386,-0.8025559437949851,1.810670184431386,-0.7136201950767848,0.5528953275712828,-0.1643989873053573,-0.6959048539976065,-0.04957508427571409,0.5573835962075638,1.4731791976999165,0.07333535868228948,2.203027313737599,0.008716465854347218,0.045871425474649084,0.7122164323590779,-0.0656122357917234,0.5570860145311556,-0.3892494720807615,-0.3665083330689156
CCN1C=C[N+](=C1)C.CCOS(=O)(=O)[O-],-0.23250679910630173,-0.5527401340130754,0.4942477509968053,-0.295887939066045,-0.7758072218865647,-0.16439898730535726,1.2440053346571578,0.4478253627308222,1.4002697155849269,0.5615135298913168,0.19393430140066611,0.18475112311048764,-0.1175852800289008,-0.7596112347681552,-0.3442740264516853,-0.5324868005078963,0.6479253333527044,-0.6640209652664929,3.0566885878465837,-0.29037022914157296,-0.4704611772211769,2.2862023594037373,0.39015166748470687,-0.23570226039551576,0.5095912784213898,-0.12551138117323504,-0.43262951177644,0.8044854918635507,0.7799558094381508,-0.21782339993774757,0.19896080091244678,-0.1278472597061993,-0.8025559437949851,-0.562870181002857,-0.07789965657486528,1.1131932345288218,-0.1643989873053573,-0.6959048539976065,0.4610620600876835,0.5573835962075638,1.3327955513640317,0.07333535868228948,-0.44524757740045645,0.008716465854347218,0.045871425474649084,-0.1608849763919409,0.3502957532895943,0.5570860145311556,-0.3892494720807615,-0.3665083330689156
CCN1C=C[N+](=C1)C.CCCCCCCCOS(=O)(=O)[O-],0.25733030025202536,-0.5527401340130754,0.2365641675790764,0.5046395845270965,-0.23603601957066725,-0.16439898730535726,0.30793367658649384,0.4478254158153582,-0.4465382833348894,0.5615267424726833,0.7402187810140443,0.18475112311048764,-0.1175852800289008,-0.6049244773346977,-0.02776146872253001,-0.5324868005078963,0.6479253333527044,-0.6640209652664929,3.0566885878465837,-0.29037022914157296,-0.4704611772211769,2.2862023594037373,0.39015166748470687,-0.23570226039551576,0.5095912784213898,-0.12551138117323504,-0.43262951177644,0.8044854918635507,0.7799558094381508,-0.21782339993774757,0.19896080091244678,-0.1278472597061993,-0.8025559437949851,-0.562870181002857,-0.07789965657486528,1.1131932345288218,-0.1643989873053573,-0.6959048539976065,0.4610620600876835,0.5573835962075638,1.3327955513640317,0.07333535868228948,-0.44524757740045645,0.008716465854347218,0.045871425474649084,-0.36102916397278606,0.23785733809786042,0.5570860145311556,-0.3892494720807615,-0.3665083330689156
CCCCCCCC[N+](C)(CCCCCCCC)CCCCCCCC.C(F)(F)(F)S(=O)(=O)[N-]S(=O)(=O)C(F)(F)F,0.7603742668778218,0.2009016474009028,-0.022790206154754737,0.8777537224782737,1.870188897467396,-0.16439898730535726,-1.5565993008713317,0.4517749332463969,-0.6235649613714047,0.8276335783676415,-2.5422635109387683,0.6028142764548045,-0.1175852800289008,0.7883420602833157,0.4100628790218232,0.1717191149683979,-1.5861983085027498,1.0919172526227532,-0.9895204854602604,-0.29037022914157296,-0.0038882999892492047,-0.3867183411166511,0.31221743913386957,-0.23570226039551576,1.2829227980938727,1.0500296814078751,-0.43262951177644,-1.200847939378234,-1.1724942371496139,1.4646062526304842,-1.2756812633462207,-1.3210099664148178,0.6787038218943886,-0.562870181002857,1.8896977845530325,0.296383673135844,-0.1643989873053573,1.3489348657656888,0.674650180225625,-1.135062659444253,-0.391016476440307,0.07333535868228948,-0.44524757740045645,0.008716465854347218,0.045871425474649084,-3.1560688480903423,-0.980912893980329,-1.7950549357115015,-0.3892494720807615,2.728450923957483
CCCCCCCCCCCCCC[P+](CCCCCC)(CCCCCC)CCCCCC.CCCCCCCCCC(=O)[O-],0.44972977763422434,2.4350625819436473,-1.3093288907240657,2.175749590902051,1.9103949960311086,-0.16439898730535726,-1.8762335255783875,0.33448035050615055,-0.6719097975660592,0.5206114209615786,-2.5614946244926786,1.2560379535552992,8.658930218752277,0.025033345428009723,1.3273893740820193,0.39570687069750055,-1.5861983085027498,-0.7929024201578656,-0.9895204854602604,-0.29037022914157296,-0.4704611772211769,-0.3867183411166511,-1.519252119470867,-0.23570226039551576,0.9979785587649963,0.21965841235769704,-0.43262951177644,-1.200847939378234,-1.1724942371496139,1.2947059378753931,-1.6948066924425362,0.013079175094581187,-0.8025559437949851,1.5393082920246757,0.2809064244959508,-1.2592756996654102,-0.1643989873053573,-0.6959048539976065,-0.5892291021032302,-1.135062659444253,-0.391016476440307,0.07333535868228948,2.5218190743259012,-1.9227525416127567,0.045871425474649084,-1.0242053016472967,-0.4366822007664888,-1.7950549357115015,-0.3892494720807615,-0.3665083330689156
CCCCCCCCCCCCCC[P+](CCCCCC)(CCCCCC)CCCCCC.CCCCCCCC(=O)[O-],0.35137813294265197,2.328593621743432,-1.3093288907240657,2.1603910419435435,1.7304712619258076,-0.16439898730535726,-1.832695308923938,0.33448033221472034,-0.671909797545172,0.5206095882801899,-2.5607838526112956,1.2560379535552992,-0.11102054266542585,-0.05136011474429193,1.2172652515800855,0.39570687069750055,-1.5861983085027498,-0.7929024201578656,-0.9895204854602604,-0.29037022914157296,-0.4704611772211769,-0.3867183411166511,-1.519252119470867,-0.23570226039551576,0.9979785587649963,0.21965841235769704,-0.43262951177644,-1.200847939378234,-1.1724942371496139,1.2947059378753931,-1.6948066924425362,0.013079175094581187,-0.8025559437949851,1.5393082920246757,0.2809064244959508,-1.2592756996654102,-0.1643989873053573,-0.6959048539976065,-0.5892291021032302,-1.135062659444253,-0.391016476440307,0.07333535868228948,2.478469865166417,-1.8558097891654737,0.045871425474649084,-1.0089996594676374,-0.4366822007664888,-1.7950549357115015,-0.3892494720807615,-0.3665083330689156
CCCCCCCCCCCCCC[P+](CCCCCC)(CCCCCC)(CCCCCC).[O-]C(=O)C,-0.04248787377750658,1.52482987690043,-1.3093288907240657,2.104353093040883,1.1907000596098876,-0.16439898730535726,-1.673839653563109,0.33448027736304303,-0.6719097974826828,0.5206039951901611,-2.558152864698038,1.2560379535552992,-0.11758528002888384,-0.28047292266988405,0.9823898258038137,0.39570687069750055,-1.5861983085027498,-0.7929024201578656,-0.9895204854602604,-0.29037022914157296,-0.4704611772211769,-0.3867183411166511,-1.519252119470867,-0.23570226039551576,0.9979785587649963,0.21965841235769704,-0.43262951177644,-1.200847939378234,-1.1724942371496139,1.2947059378753931,-1.6948066924425362,0.013079175094581187,-0.8025559437949851,1.5393082920246757,0.2809064244959508,-1.2592756996654102,-0.1643989873053573,-0.6959048539976065,-0.5892291021032302,-1.135062659444253,-0.391016476440307,0.07333535868228948,2.0912589609945043,-1.3504403622832792,0.045871425474649084,-0.9001179694273881,-0.4366822007664888,-1.7950549357115015,-0.3892494720807615,-0.3665083330689156
CCCCCCCCN1C=C[N+](=C1)C.C(F)(F)(F)S(=O)(=O)[N-]S(=O)(=O)C(F)(F)F,0.7603742668778218,-0.4383312530928937,-0.022790206154754737,-0.47662754872816715,0.7581942901346128,-0.16439898730535726,-0.4721260384723923,0.45177473534569984,-0.46545635297752536,0.8276202210558424,0.8112780565357899,-0.37702123919593844,-0.1175852800289008,1.0019456636214756,-0.2221999831095464,-0.6063055711757588,0.6479253333527044,1.2207987075141258,0.5374937236632275,-0.29037022914157296,-0.0038882999892492047,-0.3867183411166511,1.3058864467870752,-0.23570226039551576,-0.27421154405144604,1.0500296814078751,-0.43262951177644,0.8044854918635507,0.7799558094381508,-0.7721408790335049,0.6180862300087623,-0.1278472597061993,0.6787038218943886,-0.562870181002857,0.39395569267304315,1.6705542183626385,-0.1643989873053573,1.3489348657656888,0.9381951856059142,0.5573835962075638,-0.391016476440307,0.07333535868228948,-0.44524757740045645,0.008716465854347218,0.045871425474649084,0.4469094845567706,-0.980912893980329,0.5570860145311556,-0.3892494720807615,-0.3665083330689156
CCCCCCCCCCCCCC[P+](CCCCCC)(CCCCCC)CCCCCC.CCCCCC(=O)[O-],0.20425310295111207,2.1728647340759037,-1.3093288907240657,2.143534097964695,1.5505475278205059,-0.16439898730535726,-1.7849094613763719,0.33448031392755456,-0.6719097975245127,0.5206077577202515,-2.5603817361591736,1.2560379535552992,-0.1175833257016931,-0.12774346631800226,1.1072220881822392,0.39570687069750055,-1.5861983085027498,-0.7929024201578656,-0.9895204854602604,-0.29037022914157296,-0.4704611772211769,-0.3867183411166511,-1.519252119470867,-0.23570226039551576,0.9979785587649963,0.21965841235769704,-0.43262951177644,-1.200847939378234,-1.1724942371496139,1.2947059378753931,-1.6948066924425362,0.013079175094581187,-0.8025559437949851,1.5393082920246757,0.2809064244959508,-1.2592756996654102,-0.1643989873053573,-0.6959048539976065,-0.5892291021032302,-1.135062659444253,-0.391016476440307,0.07333535868228948,2.4136234285084535,-1.7578946751602842,0.045871425474649084,-0.9868345320948213,-0.4366822007664888,-1.7950549357115015,-0.3892494720807615,-0.3665083330689156
CCCCCCCCCCCCCC[P+](CCCCCC)(CCCCCC)CCCCCC.CCCC(=O)[O-],-0.04010732172410276,1.9276182111295248,-1.3093288907240657,2.124948236654681,1.3706237937151982,-0.16439898730535726,-1.732222501259824,0.33448029564465775,-0.6719097975038034,0.5206059254985833,-2.558964287637403,1.2560379535552992,-0.11758527887550073,-0.2041150724306893,0.9972721701001881,0.39570687069750055,-1.5861983085027498,-0.7929024201578656,-0.9895204854602604,-0.29037022914157296,-0.4704611772211769,-0.3867183411166511,-1.519252119470867,-0.23570226039551576,0.9979785587649963,0.21965841235769704,-0.43262951177644,-1.200847939378234,-1.1724942371496139,1.2947059378753931,-1.6948066924425362,0.013079175094581187,-0.8025559437949851,1.5393082920246757,0.2809064244959508,-1.2592756996654102,-0.1643989873053573,-0.6959048539976065,-0.5892291021032302,-1.135062659444253,-0.391016476440307,0.07333535868228948,2.305919778073679,-1.60369501693799,0.045871425474649084,-0.9523196656733515,-0.4366822007664888,-1.7950549357115015,-0.3892494720807615,-0.3665083330689156
CCCCCCN1C=C[N+](=C1)C.F[P-](F)(F)(F)(F)F,0.27951809155371876,-0.5119920308989186,-1.5064863489765952,0.1714106924328816,-0.288735574826361,-0.16439898730535726,0.020543255249009552,0.44654473993833904,0.020046354301348324,0.5206077577202515,0.40369187106955196,0.3676537526986261,-0.1175852800289008,-0.3225577170691159,0.3008274612919713,-1.3226111391550606,0.6479253333527044,-0.6640209652664929,0.5374937236632275,-0.29037022914157296,0.9267146609130106,-0.3867183411166511,-0.5255831118176617,-0.23570226039551576,-0.27421154405144604,-0.4411582670693613,-0.43262951177644,0.8044854918635507,0.7799558094381508,-0.7721408790335049,0.19896080091244678,-0.1278472597061993,0.613416666270665,1.6973606949526585,-1.1851231378557594,-0.3741324716685751,-0.1643989873053573,-0.6959048539976065,-1.526145057666301,0.5573835962075638,-0.391016476440307,0.07333535868228948,-0.44524757740045645,0.008716465854347218,0.045871425474649084,0.4974191791672402,-0.5227104678959797,0.5570860145311556,-0.3892494720807615,-0.3665083330689156
CCCCCCCCN1C=C[N+](=C1)C.F[P-](F)(F)(F)(F)F,0.27951809155371876,-0.4383312530928937,-1.5064863489765952,0.39374856872593567,-0.10881184072106097,-0.16439898730535726,-0.2492518341698531,0.44654473993833904,0.020046354301348324,0.5206077577202515,0.5820616306146312,0.3676537526986261,-0.1175852800289008,-0.2977525249260396,0.4082338974079241,-1.3226111391550606,0.6479253333527044,-0.6640209652664929,0.5374937236632275,-0.29037022914157296,0.9267146609130106,-0.3867183411166511,-0.5255831118176617,-0.23570226039551576,-0.27421154405144604,-0.4411582670693613,-0.43262951177644,0.8044854918635507,0.7799558094381508,-0.7721408790335049,0.19896080091244678,-0.1278472597061993,0.613416666270665,1.6973606949526585,-1.1851231378557594,-0.3741324716685751,-0.1643989873053573,-0.6959048539976065,-1.526145057666301,0.5573835962075638,-0.391016476440307,0.07333535868228948,-0.44524757740045645,0.008716465854347218,0.045871425474649084,0.4469094845567706,-0.5227104678959797,0.5570860145311556,-0.3892494720807615,-0.3665083330689156
CCCCCCCCN1C=C[N+](=C1)C.[B-](F)(F)(F)F,-0.2791529835116299,-0.4383312530928937,0.2492018468462258,0.22977438495980843,-0.4818069404607081,-0.16439898730535726,0.020543255249009552,-0.9086993924050676,-0.46545635256629597,-0.5200134907246053,0.597768431854858,0.07361826375962394,-0.1175852800289008,-0.621706641434694,0.035024142854933514,1.6732987823056447,0.6479253333527044,-0.6640209652664929,0.5374937236632275,-0.29037022914157296,-0.16322560220109758,-0.3867183411166511,-0.5255831118176617,-0.23570226039551576,-0.27421154405144604,-0.508674477901539,-0.43262951177644,0.8044854918635507,0.7799558094381508,-0.7721408790335049,0.19896080091244678,-0.1278472597061993,0.16813616801483608,-0.562870181002857,-0.7738356973876572,-0.3741324716685751,-0.1643989873053573,-0.6959048539976065,-1.526145057666301,0.5573835962075638,-0.391016476440307,0.07333535868228948,-0.44524757740045645,0.008716465854347218,0.045871425474649084,0.4469094845567706,0.24337170036204936,0.5570860145311556,-0.3892494720807615,-0.3665083330689156
CCCCCCN1C=C[N+](=C1)C.[B-](F)(F)(F)F,-0.2791529835116299,-0.5119920308989186,0.2492018468462258,-0.03801196898726681,-0.6617306745660048,-0.16439898730535726,0.3538195421781934,-0.908699577114331,-0.26142939613191196,-0.5200157316173016,0.42250735809316964,0.07361826375962394,-0.1175852800289008,-0.6689312986850089,-0.07636976403528872,1.6732987823056447,0.6479253333527044,-0.6640209652664929,0.5374937236632275,-0.29037022914157296,-0.16322560220109758,-0.3867183411166511,-0.5255831118176617,-0.23570226039551576,-0.27421154405144604,-0.508674477901539,-0.43262951177644,0.8044854918635507,0.7799558094381508,-0.7721408790335049,0.19896080091244678,-0.1278472597061993,0.16813616801483608,-0.562870181002857,-0.7738356973876572,-0.3741324716685751,-0.1643989873053573,-0.6959048539976065,-1.526145057666301,0.5573835962075638,-0.391016476440307,0.07333535868228948,-0.44524757740045645,0.008716465854347218,0.045871425474649084,0.4974191791672402,0.24337170036204936,0.5570860145311556,-0.3892494720807615,-0.3665083330689156
CCCC[N+]1=CC=CC=C1.[B-](F)(F)(F)F,-0.2791529835116299,-0.5463074883782184,0.2492018468462258,-0.6285609864695275,-0.8609204989704548,-0.16439898730535726,0.1519217335747166,-0.9086998230089952,0.1433648966308084,-0.5200171123237032,-0.026834548970397238,-0.00476857749243552,-0.1175852800289008,-0.6339431793237836,-0.07601752421433255,1.6732987823056447,0.18778052428421163,0.36787343213307433,-0.9895204854602604,-0.29037022914157296,-0.16322560220109758,-0.3867183411166511,-1.0224176156442644,-0.23570226039551576,-1.6406687671526143,-0.508674477901539,-0.43262951177644,-1.200847939378234,-1.1724942371496139,-0.7721408790335049,1.3996414414789564,-0.1278472597061993,0.16813616801483608,-0.562870181002857,-1.0327666305635748,-1.0856442993041382,-0.1643989873053573,-0.6959048539976065,-1.6736225691901176,-0.28883953161834464,-0.391016476440307,0.07333535868228948,-0.44524757740045645,0.008716465854347218,-1.8898844175740677,0.993219784363717,0.24337170036204936,0.5570860145311556,2.5690465157330262,-0.3665083330689156
CCCCCCCC[N+]1=CC=CC=C1.[B-](F)(F)(F)F,-0.2791529835116299,-0.28799633948980835,0.2492018468462258,0.03133783036825734,-0.5010730307598571,-0.16439898730535726,-0.4721260384723923,-0.9086994538106401,-0.46881393788071224,-0.5200126331575164,0.3241566980598851,-0.00476857749243552,-0.1175852800289008,-0.5722048971687728,0.14591168750797312,1.6732987823056447,0.18778052428421163,0.36787343213307433,-0.9895204854602604,-0.29037022914157296,-0.16322560220109758,-0.3867183411166511,-1.0224176156442644,-0.23570226039551576,-1.6406687671526143,-0.508674477901539,-0.43262951177644,-1.200847939378234,-1.1724942371496139,-0.7721408790335049,1.3996414414789564,-0.1278472597061993,0.16813616801483608,-0.562870181002857,-1.0327666305635748,-1.0856442993041382,-0.1643989873053573,-0.6959048539976065,-1.6736225691901176,-0.28883953161834464,-0.391016476440307,0.07333535868228948,-0.44524757740045645,0.008716465854347218,-2.2893106293776286,0.8892400639157201,0.24337170036204936,0.5570860145311556,2.5690465157330262,-0.3665083330689156
CCCCCC[N+]1=CC=CC=C1.[B-](F)(F)(F)F,-0.2791529835116299,-0.39163548577930285,0.2492018468462258,-0.25979400058958885,-0.6809967648651538,-0.16439898730535726,-0.19681084492219708,-0.9086996384748536,-0.27047752713106693,-0.5200148756287457,0.1641485359118199,-0.00476857749243552,-0.1175852800289008,-0.6122307936518745,0.03494708164682008,1.6732987823056447,0.18778052428421163,0.36787343213307433,-0.9895204854602604,-0.29037022914157296,-0.16322560220109758,-0.3867183411166511,-1.0224176156442644,-0.23570226039551576,-1.6406687671526143,-0.508674477901539,-0.43262951177644,-1.200847939378234,-1.1724942371496139,-0.7721408790335049,1.3996414414789564,-0.1278472597061993,0.16813616801483608,-0.562870181002857,-1.0327666305635748,-1.0856442993041382,-0.1643989873053573,-0.6959048539976065,-1.6736225691901176,-0.28883953161834464,-0.391016476440307,0.07333535868228948,-0.44524757740045645,0.008716465854347218,-2.123373435138558,0.9292850216870452,0.24337170036204936,0.5570860145311556,2.5690465157330262,-0.3665083330689156
CCCCCCCCN1C=C[N+](=C1)C.[Br-],-1.2755489392679282,-0.6368382492315667,0.7885780014759128,0.8352004221057949,-0.5260599441438392,-0.16439898730535726,0.30793367658649384,5.502495877831667,-0.46545635107807654,-2.0483901378314755,0.5299314613944272,0.9816840091730915,-0.1175852800289008,-1.036152570642058,-0.4210505473611791,1.6244995073891326,0.6479253333527044,-0.6640209652664929,0.5374937236632275,-0.29037022914157296,-0.4704611772211769,-0.3867183411166511,-0.5255831118176617,-0.23570226039551576,-0.27421154405144604,-1.3926115252069127,-0.43262951177644,0.8044854918635507,0.7799558094381508,-0.7721408790335049,0.19896080091244678,4.308586237504855,-0.8025559437949851,-0.562870181002857,-1.1851231378557594,-0.3741324716685751,-0.1643989873053573,-0.6959048539976065,-1.526145057666301,3.703821721781987,-0.391016476440307,0.07333535868228948,-0.44524757740045645,0.008716465854347218,0.045871425474649084,0.4469094845567706,1.2302926646387944,0.5570860145311556,-0.3892494720807615,-0.3665083330689156
CCCCCCCCN1C=C[N+](=C1)C.[Cl-],-1.2755489392679282,-0.6368382492315667,0.7885780014759128,0.8352004221057949,-0.8111454900451228,-0.16439898730535726,0.30793367658649384,0.7873890230368872,-0.46545635110008643,-2.0483901378314755,0.5299314613944272,0.7334590118749036,-0.1175852800289008,-1.0573588605628013,-0.42983282082139973,0.8306147447665125,0.6479253333527044,-0.6640209652664929,0.5374937236632275,-0.29037022914157296,-0.4704611772211769,-0.3867183411166511,-0.5255831118176617,-0.23570226039551576,-0.27421154405144604,-1.3926115252069127,-0.43262951177644,0.8044854918635507,0.7799558094381508,-0.7721408790335049,0.19896080091244678,3.1135116793255118,-0.8025559437949851,-0.562870181002857,-1.1851231378557594,-0.3741324716685751,-0.1643989873053573,-0.6959048539976065,-1.526145057666301,2.856242657399901,-0.391016476440307,0.07333535868228948,-0.44524757740045645,0.008716465854347218,0.045871425474649084,0.4469094845567706,1.2302926646387944,0.5570860145311556,-0.3892494720807615,-0.3665083330689156
CCCCCCN1C=C[N+](=C1)C.[Cl-],-1.3401274675559356,-0.6368382492315667,0.9079787071020142,0.5781607341974634,-0.9910692241504235,-0.16439898730535726,0.7879704243150396,0.7873890131320759,-0.26142939144742144,-2.0492265568066954,0.3411110760813998,0.7334590118749036,-0.1175852800289008,-1.1284406899712849,-0.5197954877384992,0.8306147447665125,0.6479253333527044,-0.6640209652664929,0.5374937236632275,-0.29037022914157296,-0.4704611772211769,-0.3867183411166511,-0.5255831118176617,-0.23570226039551576,-0.27421154405144604,-1.3926115252069127,-0.43262951177644,0.8044854918635507,0.7799558094381508,-0.7721408790335049,0.19896080091244678,3.1135116793255118,-0.8025559437949851,-0.562870181002857,-1.1851231378557594,-0.3741324716685751,-0.1643989873053573,-0.6959048539976065,-1.526145057666301,2.856242657399901,-0.391016476440307,0.07333535868228948,-0.44524757740045645,0.008716465854347218,0.045871425474649084,0.4974191791672402,1.2302926646387944,0.5570860145311556,-0.3892494720807615,-0.3665083330689156
CCCCN1C=C[N+](=C1)C.C(#N)[C-](C#N)C#N,-1.451378866042241,-0.6156311771884131,1.0745204368185608,-0.9447090981849939,-0.8207400543219298,-0.16439898730535726,0.6291347357283886,-1.3728227423285302,-0.10910716000336773,-1.4411771009661263,0.48045846769863304,-1.8141133288170268,-0.1175852800289008,-0.6120074050321014,-0.4275252265939069,-1.3226111391550606,0.6479253333527044,-0.6640209652664929,0.5374937236632275,-0.29037022914157296,-0.4704611772211769,-0.3867183411166511,1.191670384754603,-0.23570226039551576,-0.27421154405144604,-1.3926115252069127,2.1466548119466498,0.8044854918635507,0.7799558094381508,-0.7721408790335049,0.7999067317517868,-0.1278472597061993,-0.8025559437949851,-0.562870181002857,-1.1851231378557594,-0.3741324716685751,-0.1643989873053573,-0.6959048539976065,0.6088387146369034,0.5573835962075638,-0.391016476440307,0.07333535868228948,-0.44524757740045645,-0.26405549273382684,2.955955258674026,0.5757248486813792,1.2302926646387944,0.5570860145311556,-0.3892494720807615,-0.3665083330689156
CCCCN1C=C[N+](=C1)C.[B-](C#N)(C#N)(C#N)C#N,-1.3031457575791112,-0.6156311771884131,1.0745204368185608,-1.0308813736218094,-0.6615639241173439,-0.16439898730535726,0.26687790210971074,-1.372821493604171,-3.0379292998011733,-0.06418832656877564,0.5831019067945515,-2.2257290796341183,-0.1175852800289008,-0.32126482170712295,-0.4941980884058489,-1.3226111391550606,0.6479253333527044,-0.6640209652664929,0.5374937236632275,-0.29037022914157296,-0.21016880978522487,-0.3867183411166511,1.7640882169453578,4.242640687119284,-0.27421154405144604,-0.6437331874935022,3.0064162531876795,0.8044854918635507,0.7799558094381508,-0.7721408790335049,0.19896080091244678,-0.1278472597061993,-0.8025559437949851,-0.562870181002857,-0.8366772211707565,-0.3741324716685751,-0.1643989873053573,-0.6959048539976065,1.320499972071305,0.5573835962075638,-0.391016476440307,0.07333535868228948,-0.44524757740045645,3.6488112235655,0.045871425474649084,0.5757248486813792,1.2302926646387944,0.5570860145311556,-0.3892494720807615,-0.3665083330689156
CCCCCCN1C=C[N+](=C1)C.[B-](C#N)(C#N)(C#N)C#N,-1.3031457575791112,-0.5119920308989186,0.9079787071020142,-0.6940394910378321,-0.4816401900120466,-0.16439898730535726,-0.026377629867314435,-1.372811736922633,-3.0379293898793254,-0.06418559609725691,0.7332857480649253,-2.2257290796341183,-0.1175852800289008,-0.3201049983108946,-0.41579079420092463,-1.3226111391550606,0.6479253333527044,-0.6640209652664929,0.5374937236632275,-0.29037022914157296,-0.21016880978522487,-0.3867183411166511,1.7640882169453578,4.242640687119284,-0.27421154405144604,-0.6437331874935022,3.0064162531876795,0.8044854918635507,0.7799558094381508,-0.7721408790335049,0.19896080091244678,-0.1278472597061993,-0.8025559437949851,-0.562870181002857,-0.8366772211707565,-0.3741324716685751,-0.1643989873053573,-0.6959048539976065,1.320499972071305,0.5573835962075638,-0.391016476440307,0.07333535868228948,-0.44524757740045645,3.6488112235655,0.045871425474649084,0.4974191791672402,1.2302926646387944,0.5570860145311556,-0.3892494720807615,-0.3665083330689156
CCCCCCCC[N+]1=CN(C)C=C1.C(#N)[C-](C#N)C#N,-1.2755489392679282,-0.4383312530928937,0.7885780014759128,-0.28743909976690896,-0.46089258611133266,-0.16439898730535726,-0.026377629867314435,-1.372811096189771,-0.4654563534629271,-1.4411609583711076,0.7876098091829504,-1.8141133288170268,-0.1175852800289008,-0.5440960255285611,-0.2361468767874349,-1.3226111391550606,0.6479253333527044,-0.6640209652664929,0.5374937236632275,-0.29037022914157296,-0.4704611772211769,-0.3867183411166511,1.191670384754603,-0.23570226039551576,-0.27421154405144604,-1.3926115252069127,2.1466548119466498,0.8044854918635507,0.7799558094381508,-0.7721408790335049,0.7999067317517868,-0.1278472597061993,-0.8025559437949851,-0.562870181002857,-1.1851231378557594,-0.3741324716685751,-0.1643989873053573,-0.6959048539976065,0.6088387146369034,0.5573835962075638,-0.391016476440307,0.07333535868228948,-0.44524757740045645,-0.26405549273382684,2.955955258674026,0.4469094845567706,1.2302926646387944,0.5570860145311556,-0.3892494720807615,-0.3665083330689156
CCCCCCCC[N+]1=CN(C)C=C1.[B-](C#N)(C#N)(C#N)C#N,-1.2755489392679282,-0.4383312530928937,0.7885780014759128,-0.41577880542498147,-0.3017164559067466,-0.16439898730535726,-0.26863219976137864,-1.3728098295725495,-3.0379294795809306,-0.06418295062530806,0.8634698559672443,-2.2257290796341183,-0.1175852800289008,-0.2954652465264669,-0.3330980994417732,-1.3226111391550606,0.6479253333527044,-0.6640209652664929,0.5374937236632275,-0.29037022914157296,-0.21016880978522487,-0.3867183411166511,1.7640882169453578,4.242640687119284,-0.27421154405144604,-0.6437331874935022,3.0064162531876795,0.8044854918635507,0.7799558094381508,-0.7721408790335049,0.19896080091244678,-0.1278472597061993,-0.8025559437949851,-0.562870181002857,-0.8366772211707565,-0.3741324716685751,-0.1643989873053573,-0.6959048539976065,1.320499972071305,0.5573835962075638,-0.391016476440307,0.07333535868228948,-0.44524757740045645,3.6488112235655,0.045871425474649084,0.4469094845567706,1.2302926646387944,0.5570860145311556,-0.3892494720807615,-0.3665083330689156
CCCCCCCCCC[N+]1=CN(C)C=C1.C(#N)[C-](C#N)C#N,-1.2333800620763917,-0.38346214955574104,0.698743006354626,-0.04453496991674723,-0.28096885200603267,-0.16439898730535726,-0.26863219976137864,-1.3728097619312798,-0.5736438425533935,-1.4411518198988793,0.9112571175493794,-1.8141133288170268,-0.1175852800289008,-0.49247890433817426,-0.13668201710154015,-1.3226111391550606,0.6479253333527044,-0.6640209652664929,0.5374937236632275,-0.29037022914157296,-0.4704611772211769,-0.3867183411166511,1.191670384754603,-0.23570226039551576,-0.27421154405144604,-1.3926115252069127,2.1466548119466498,0.8044854918635507,0.7799558094381508,-0.7721408790335049,0.7999067317517868,-0.1278472597061993,-0.8025559437949851,-0.562870181002857,-1.1851231378557594,-0.3741324716685751,-0.1643989873053573,-0.6959048539976065,0.6088387146369034,-0.28883953161834464,-0.391016476440307,0.07333535868228948,-0.44524757740045645,-0.26405549273382684,2.955955258674026,0.41152696980513925,1.2302926646387944,0.5570860145311556,-0.3892494720807615,-0.3665083330689156
CCCCCCCCCCN1C=C[N+](=C1)C.[B-](C#N)(C#N)(C#N)C#N,-1.2333800620763917,-0.38346214955574104,0.698743006354626,-0.1820398295101865,-0.12179272180144625,-0.16439898730535726,-0.4721260384723923,-1.3728084904222697,-3.0379295691495867,-0.06418012277783672,0.9784193375381472,-2.2257290796341183,-0.1175852800289008,-0.25678603833167346,-0.2468966810139749,-1.3226111391550606,0.6479253333527044,-0.6640209652664929,0.5374937236632275,-0.29037022914157296,-0.21016880978522487,-0.3867183411166511,1.7640882169453578,4.242640687119284,-0.27421154405144604,-0.6437331874935022,3.0064162531876795,0.8044854918635507,0.7799558094381508,-0.7721408790335049,0.19896080091244678,-0.1278472597061993,-0.8025559437949851,-0.562870181002857,-0.8366772211707565,-0.3741324716685751,-0.1643989873053573,-0.6959048539976065,1.320499972071305,-0.28883953161834464,-0.391016476440307,0.07333535868228948,-0.44524757740045645,3.6488112235655,0.045871425474649084,0.41152696980513925,1.2302926646387944,0.5570860145311556,-0.3892494720807615,-0.3665083330689156
CCCCCC[N+]1=CN(C)C=C1.C(#N)[C-](C#N)C#N,-1.3401274675559356,-0.5119920308989186,0.9079787071020142,-0.5814809411644732,-0.6408163202166294,-0.16439898730535726,0.26687790210971074,-1.372812997773269,-0.26142940049166746,-1.441170047036365,0.646087683475234,-1.8141133288170268,-0.1175852800289008,-0.5861728689940497,-0.33334077272408785,-1.3226111391550606,0.6479253333527044,-0.6640209652664929,0.5374937236632275,-0.29037022914157296,-0.4704611772211769,-0.3867183411166511,1.191670384754603,-0.23570226039551576,-0.27421154405144604,-1.3926115252069127,2.1466548119466498,0.8044854918635507,0.7799558094381508,-0.7721408790335049,0.7999067317517868,-0.1278472597061993,-0.8025559437949851,-0.562870181002857,-1.1851231378557594,-0.3741324716685751,-0.1643989873053573,-0.6959048539976065,0.6088387146369034,0.5573835962075638,-0.391016476440307,0.07333535868228948,-0.44524757740045645,-0.26405549273382684,2.955955258674026,0.4974191791672402,1.2302926646387944,0.5570860145311556,-0.3892494720807615,-0.3665083330689156
CCCCCCCCCCCCCC[P+](CCCCCC)(CCCCCC)CCCCCC.C(F)(F)(F)S(=O)(=O)[N-]S(=O)(=O)C(F)(F)F,0.7603742668778218,0.2009016474009028,-1.3093288907240657,1.1152002370037266,2.608739461544894,-0.16439898730535726,-1.788476807634263,0.45177542296825857,-0.6719097975339892,0.827676035278817,-2.5595163888173493,1.2168445329292696,-0.11758520481784018,1.051533630951153,0.6357984043056537,-0.6063055711757588,-1.5861983085027498,1.0919172526227532,-0.9895204854602604,-0.29037022914157296,-0.0038882999892492047,-0.3867183411166511,0.31221743913386957,-0.23570226039551576,0.9979785587649963,1.9349501462268126,-0.43262951177644,-1.200847939378234,-1.1724942371496139,1.2947059378753931,-1.2756812633462207,-1.3210099664148178,0.6787038218943886,1.5393082920246757,1.5215565129742525,0.296383673135844,-0.1643989873053573,1.3489348657656888,0.674650180225625,-1.135062659444253,-0.391016476440307,0.07333535868228948,-0.44524757740045645,0.008716465854347218,0.045871425474649084,-0.521702527329789,-2.647887759385612,-1.7950549357115015,-0.3892494720807615,-0.3665083330689156
CCCC[P+](CCCC)(CCCC)CCCC.C(CS(=O)(=O)[O-])N,0.02265766334191289,0.22820299224651475,-0.7251178409907175,1.6650348570178153,0.16880841586324388,-0.16439898730535726,-0.667140967237114,0.44654496016504686,0.2926524544569395,0.6019773105771958,0.7031860767196527,1.7786168952356953,-0.1175852800289008,-0.6418247929475597,0.15694042128376623,0.46016329406702056,-1.1680680677480704,-0.7929024201578656,-0.9895204854602604,-0.29037022914157296,-0.4704611772211769,-0.3867183411166511,-0.6035173401684988,-0.23570226039551576,2.331474022255249,0.7251851087946865,-0.43262951177644,-1.200847939378234,0.4283857496048952,2.325914265181827,-1.6948066924425362,0.17327601695870934,-0.8025559437949851,1.5393082920246757,1.3696205203894805,-0.7162867360114268,6.082762530298219,-0.6959048539976065,0.6997781943595006,-1.135062659444253,-0.391016476440307,0.07333535868228948,-0.44524757740045645,0.008716465854347218,0.045871425474649084,-0.8902099490305885,-1.0993396021280901,-1.7950549357115015,-0.3892494720807615,-0.3665083330689156
CCCC[N+](CCCC)(CCCC)C.C(CS(=O)(=O)[O-])N,0.02265766334191289,0.22820299224651475,0.4081300233398701,1.544902923233225,-0.20989468000364728,-0.16439898730535726,-0.2492518341698531,0.44654473993833904,-0.3139403566498532,0.6019083892756288,0.5356212532148599,1.16458663876123,-0.1175852800289008,-0.8022988583636371,0.19278194508774327,1.2381879802111773,-1.1680680677480704,-0.7929024201578656,-0.9895204854602604,-0.29037022914157296,-0.4704611772211769,-0.3867183411166511,-0.6035173401684988,-0.23570226039551576,2.616418261584125,-0.15973535602425085,-0.43262951177644,-1.200847939378234,0.4283857496048952,2.495814579936919,-1.6948066924425362,0.17327601695870934,-0.8025559437949851,-0.562870181002857,1.7377617919682604,-0.7162867360114268,6.082762530298219,-0.6959048539976065,0.6997781943595006,-1.135062659444253,-0.391016476440307,0.07333535868228948,-0.44524757740045645,0.008716465854347218,0.045871425474649084,-3.034727561805528,0.31271888987737523,-1.7950549357115015,-0.3892494720807615,2.728450923957483
CCCCN1C=C[N+](=C1)C.C(F)(F)(F)S(=O)(=O)[N-]S(=O)(=O)C(F)(F)F,0.7603742668778218,-0.6156311771884131,-0.022790206154754737,-0.953841299486266,0.39834682192401244,-0.16439898730535726,-0.09769737524412705,0.4517746688448701,0.19131894820492779,0.8276156409147705,0.5111937082481425,-0.37702123919593844,-0.1175852800289008,1.206095906641738,-0.3720356414048218,-0.6063055711757588,0.6479253333527044,1.2207987075141258,0.5374937236632275,-0.29037022914157296,-0.0038882999892492047,-0.3867183411166511,1.3058864467870752,-0.23570226039551576,-0.27421154405144604,1.0500296814078751,-0.43262951177644,0.8044854918635507,0.7799558094381508,-0.7721408790335049,0.6180862300087623,-0.1278472597061993,0.6787038218943886,-0.562870181002857,0.39395569267304315,1.6705542183626385,-0.1643989873053573,1.3489348657656888,0.9381951856059142,0.5573835962075638,-0.391016476440307,0.07333535868228948,-0.44524757740045645,0.008716465854347218,0.045871425474649084,0.5757248486813792,-0.980912893980329,0.5570860145311556,-0.3892494720807615,-0.3665083330689156
CCCCCCCCCCN1C=C[N+](=C1)C.C(F)(F)(F)S(=O)(=O)[N-]S(=O)(=O)C(F)(F)F,0.7603742668778218,-0.38346214955574104,-0.022790206154754737,-0.2842026492289334,0.9381180242399128,-0.16439898730535726,-0.6231053381612092,0.45177476860703886,-0.5736438424165374,0.8276225149100979,0.9324180630195203,-0.37702123919593844,-0.1175852800289008,0.964899320151934,-0.1428835391167441,-0.6063055711757588,0.6479253333527044,1.2207987075141258,0.5374937236632275,-0.29037022914157296,-0.0038882999892492047,-0.3867183411166511,1.3058864467870752,-0.23570226039551576,-0.27421154405144604,1.0500296814078751,-0.43262951177644,0.8044854918635507,0.7799558094381508,-0.7721408790335049,0.6180862300087623,-0.1278472597061993,0.6787038218943886,-0.562870181002857,0.39395569267304315,1.6705542183626385,-0.1643989873053573,1.3489348657656888,0.9381951856059142,-0.28883953161834464,-0.391016476440307,0.07333535868228948,-0.44524757740045645,0.008716465854347218,0.045871425474649084,0.41152696980513925,-0.980912893980329,0.5570860145311556,-0.3892494720807615,-0.3665083330689156
CCCCCCCCCCCCCC[P+](CCCCCC)(CCCCCC)CCCCCC.[Cl-],-0.04248787377750658,-0.6368382492315667,-1.3093288907240657,2.3494063712024302,1.0393996813651314,-0.16439898730535726,-1.9863596029984656,0.7873891441177224,-0.6719097974484785,0.5206005553753231,-2.5569098180415004,2.327324784000111,-0.11758528002889977,-0.4006052601486397,0.560977746430286,0.8306147447665125,-1.5861983085027498,-0.7929024201578656,-0.9895204854602604,-0.29037022914157296,-0.4704611772211769,-0.3867183411166511,-1.519252119470867,-0.23570226039551576,0.9979785587649963,-0.5076910603879753,-0.43262951177644,-1.200847939378234,-1.1724942371496139,1.2947059378753931,-1.6948066924425362,1.9203489726168936,-0.8025559437949851,1.5393082920246757,-0.05752231755454936,-1.7483030168953693,-0.1643989873053573,-0.6959048539976065,-1.78969006304659,1.1637964017480842,-0.391016476440307,0.07333535868228948,-0.44524757740045645,0.008716465854347218,0.045871425474649084,-0.521702527329789,-0.4366822007664888,-1.7950549357115015,-0.3892494720807615,-0.3665083330689156
CCCC[N+]1(CCCC1)C.C(C(F)(F)[P-](C(C(F)(F)F)(F)F)(C(C(F)(F)F)(F)F)(F)(F)F)(F)(F)F,2.956721189794168,3.160143034050047,-3.1456813170944713,0.37051426065331156,1.4751763250256824,-0.16439898730535726,-1.2076109126707708,0.44654473993833904,0.020046354301348324,0.5206077577202515,0.5596523062764747,0.2500734908205369,-0.1175852800289008,2.8278932721105328,-0.5478848611304593,-0.5445864530109039,-1.5861983085027498,-0.7929024201578656,-0.9895204854602604,-0.29037022914157296,4.647432684229024,-0.3867183411166511,-1.519252119470867,-0.23570226039551576,1.2829227980938727,-0.554735937668964,-0.43262951177644,-1.200847939378234,-1.1724942371496139,1.4646062526304848,-1.6948066924425362,-1.3210099664148178,3.6085797754612745,1.427550532747912,2.3244050053609113,-1.7483030168953693,-0.1643989873053573,-0.6959048539976065,-1.78969006304659,-1.135062659444253,-0.391016476440307,0.07333535868228948,-0.44524757740045645,0.008716465854347218,0.045871425474649084,-2.8082884070555094,1.2302926646387944,0.5570860145311556,-0.3892494720807615,2.728450923957483
CCCCN1C=C[N+](=C1)C.F[P-](F)(F)(F)(F)F,0.27951809155371876,-0.6156311771884131,-1.5064863489765952,-0.10324197828206785,-0.46865930893166097,-0.16439898730535726,0.3538195421781934,0.44654473993833904,0.020046354301348324,0.5206077577202515,0.18420604596078055,0.3676537526986261,-0.1175852800289008,-0.3239493014317827,0.19462438983731767,-1.3226111391550606,0.6479253333527044,-0.6640209652664929,0.5374937236632275,-0.29037022914157296,0.9267146609130106,-0.3867183411166511,-0.5255831118176617,-0.23570226039551576,-0.27421154405144604,-0.4411582670693613,-0.43262951177644,0.8044854918635507,0.7799558094381508,-0.7721408790335049,0.19896080091244678,-0.1278472597061993,0.613416666270665,1.6973606949526585,-1.1851231378557594,-0.3741324716685751,-0.1643989873053573,-0.6959048539976065,-1.526145057666301,0.5573835962075638,-0.391016476440307,0.07333535868228948,-0.44524757740045645,0.008716465854347218,0.045871425474649084,0.5757248486813792,-0.5227104678959797,0.5570860145311556,-0.3892494720807615,-0.3665083330689156
CC[N+].[N+]([O-])([O-])=O,-1.202670474946185,1.24807651819149,1.3565419663786111,-1.4385934542741978,-1.6173839093214246,6.082762530298219,2.202364413158075,-1.1834518205848301,1.7863610952681748,-2.5599065348659553,-1.3020812077357757,0.2892669114465669,-0.1175852800289008,-1.0672858923107185,3.2578591598829574,1.3364293794783746,-1.1802353372144314,-0.7929024201578656,-0.9895204854602604,3.268353651029886,-0.22763136415016644,-0.3867183411166511,-1.519252119470867,-0.23570226039551576,-1.5585556664018863,-1.3926115252069127,-0.43262951177644,1.3167049852962809,-1.1724942371496139,-0.22307379794221796,-0.13894624939076414,0.1769206096623664,-0.8025559437949851,-0.562870181002857,-0.7873307263329666,-1.7483030168953693,-0.1643989873053573,-0.6959048539976065,0.8577257117724321,-1.135062659444253,-0.391016476440307,0.07333535868228948,1.7935115367252594,0.008716465854347218,0.045871425474649084,1.143653871536645,1.2302926646387944,-1.7950549357115015,-0.3892494720807615,-0.3665083330689156
CCCC[N+].[N+]([O-])([O-])=O,-0.9177909821022756,1.24807651819149,1.1672731941748489,-0.5620263769888312,-1.4374601752161238,6.082762530298219,1.6080332016846377,-1.1834515271828585,0.2477248859935066,-2.356142235356535,-0.717314393270657,0.2892669114465669,-0.1175852800289008,-1.1135986839577527,7.066836142878145,1.3364293794783746,-1.1802353372144314,-0.7929024201578656,-0.9895204854602604,3.268353651029886,-0.22763136415016644,-0.3867183411166511,-1.519252119470867,-0.23570226039551576,-1.5585556664018863,-1.3926115252069127,-0.43262951177644,1.3167049852962809,-1.1724942371496139,-0.22307379794221796,-0.13894624939076414,0.1769206096623664,-0.8025559437949851,-0.562870181002857,-0.7873307263329666,-1.7483030168953693,-0.1643989873053573,-0.6959048539976065,0.8577257117724321,-1.135062659444253,-0.391016476440307,0.07333535868228948,1.7935115367252594,0.008716465854347218,0.045871425474649084,1.0237390158757171,1.2302926646387944,-1.7950549357115015,-0.3892494720807615,-0.3665083330689156
CCCC[P+](C)(CCCC)CCCC.C(F)(F)(F)S(=O)(=O)[N-]S(=O)(=O)C(F)(F)F,0.7603742668778218,0.2009016474009028,-0.40911141791155353,0.2040138586030958,0.8994639875445163,-0.16439898730535726,-1.0369968666184826,0.45177510420028727,0.31582646479157656,0.8276514811384065,0.5225583856165922,1.2168445329292696,-0.1175852800289008,0.6464856969892734,-0.10873325996981639,-0.6063055711757588,-1.5861983085027498,1.0919172526227532,-0.9895204854602604,-0.29037022914157296,-0.0038882999892492047,-0.3867183411166511,0.31221743913386957,-0.23570226039551576,0.598239241627781,1.9349501462268126,-0.43262951177644,-1.200847939378234,-1.1724942371496139,1.3351847451742345,-1.2756812633462207,-1.3210099664148178,0.6787038218943886,1.5393082920246757,1.5487114773400505,0.296383673135844,-0.1643989873053573,1.3489348657656888,0.674650180225625,-1.135062659444253,-0.391016476440307,0.07333535868228948,-0.44524757740045645,0.008716465854347218,0.045871425474649084,-0.4071196034256191,-2.255084210830246,-1.7950549357115015,-0.3892494720807615,-0.3665083330689156
C[N+]1=CC=CC=C1.COS(=O)(=O)[O-],-0.4274716028535954,-0.327273411237854,0.5906099018241977,-1.0169638777115422,-0.9749970462910144,-0.16439898730535726,0.6079566439168347,0.4478252561562943,0.7078451372457989,0.5613556173974161,-0.28928415139660124,0.10636428185842818,-0.1175852800289008,-0.7038914379670564,-0.2982116830443361,-0.5324868005078963,0.46168732105195365,0.36787343213307433,1.5296743787230966,-0.29037022914157296,-0.4704611772211769,2.2862023594037373,-0.10668283634189596,-0.23570226039551576,-0.7009797112676772,-0.12551138117323504,-0.43262951177644,-1.200847939378234,0.7799558094381508,-0.17734459263890623,1.3996414414789564,-0.1278472597061993,-0.8025559437949851,-0.562870181002857,-0.3096756253849843,0.4505345169375905,-0.1643989873053573,-0.6959048539976065,0.313584548563867,-0.28883953161834464,1.3327955513640317,0.07333535868228948,-0.44524757740045645,0.008716465854347218,-1.2927027910014153,1.5551509151761091,-0.12843706569359897,0.5570860145311556,2.5690465157330262,-0.3665083330689156
CCCCN1C=C[N+](=C1)C.C(C(F)(F)[P-](C(C(F)(F)F)(F)F)(C(C(F)(F)F)(F)F)(F)(F)F)(F)(F)F,2.956721189794168,-0.6156311771884131,-3.1456813170944713,-0.9284947815888579,1.4556536955747468,-0.16439898730535726,-1.0070241287984858,0.44654473993833904,0.020046354301348324,0.5206077577202515,0.7436471825113643,-0.7297620248302066,-0.1175852800289008,3.6262173220332263,-0.5551804216699482,-1.3226111391550606,0.6479253333527044,-0.6640209652664929,0.5374937236632275,-0.29037022914157296,4.647432684229024,-0.3867183411166511,-0.5255831118176617,-0.23570226039551576,-0.27421154405144604,-0.554735937668964,-0.43262951177644,0.8044854918635507,0.7799558094381508,-0.7721408790335049,0.19896080091244678,-0.1278472597061993,3.6085797754612745,1.427550532747912,0.828662913480921,-0.3741324716685751,-0.1643989873053573,-0.6959048539976065,-1.526145057666301,0.5573835962075638,-0.391016476440307,0.07333535868228948,-0.44524757740045645,0.008716465854347218,0.045871425474649084,-1.3527956728576804,1.2302926646387944,0.5570860145311556,-0.3892494720807615,-0.3665083330689156
CCCC[N+]1(CCCC1)C.C(#N)[N-]C#N,-1.2762098307456027,0.7431886340603141,0.7467195530332935,2.3433182370015824,-0.9552820124762388,-0.16439898730535726,0.6199575626100483,-1.3464856319207466,0.020046548030396787,-1.6575877149592295,0.2143758414116689,-0.2594409773178487,-0.1175852800289008,-1.0239968600752045,-0.41841299189996795,1.2818036189527129,-1.5861983085027498,-0.7929024201578656,-0.9895204854602604,-0.29037022914157296,-0.4704611772211769,3.010619472980411,-1.519252119470867,-0.23570226039551576,1.2829227980938727,-1.3926115252069127,1.2868933707056196,-1.200847939378234,-1.1724942371496139,1.4646062526304848,-1.1549024675718051,-1.3210099664148178,-0.8025559437949851,-0.562870181002857,0.3106189540242306,-1.7483030168953693,-0.1643989873053573,1.9381935023442614,0.0554241176408369,-1.135062659444253,1.799984470693981,0.07333535868228948,-0.44524757740045645,0.008716465854347218,0.045871425474649084,-0.8797678855164494,1.2302926646387944,0.5570860145311556,-0.3892494720807615,2.728450923957483
CCCCN1C=C[N+](=C1C)C.C(F)(F)(F)S(=O)(=O)[N-]S(=O)(=O)C(F)(F)F,0.7603742668778218,-0.45855494656982543,-0.022790206154754737,-0.820772080524873,0.48830868897666263,-0.16439898730535726,-0.02209158747688101,0.4517746855412241,0.16625614533030872,0.8276170032725103,0.6464145726256554,-0.37702123919593844,-0.1175852800289008,1.1318838970865985,-0.4190047635672263,-0.6063055711757588,0.6479253333527044,1.0919172526227532,-0.9895204854602604,2.9000091821374614,-0.0038882999892492047,-0.3867183411166511,1.3058864467870752,-0.23570226039551576,-0.27421154405144604,1.0500296814078751,-0.43262951177644,0.8044854918635507,0.7799558094381508,-0.7721408790335049,0.5694485197789595,-0.1278472597061993,0.6787038218943886,-0.562870181002857,0.39395569267304315,1.6705542183626385,-0.1643989873053573,1.3489348657656888,0.9381951856059142,0.5573835962075638,-0.391016476440307,0.07333535868228948,-0.44524757740045645,-0.9897437572970346,0.045871425474649084,0.06125351855111284,-0.980912893980329,0.5570860145311556,-0.3892494720807615,-0.3665083330689156
CCCC[N+](C)(C)C.C(F)(F)(F)S(=O)(=O)[N-]S(=O)(=O)C(F)(F)F,0.7603742668778218,0.2009016474009028,-0.022790206154754737,-0.3964934113726056,0.25087529051967455,-0.16439898730535726,-0.5738729578278992,0.45177463379336374,0.08584891672326021,0.8276128716908008,0.05214227475818917,0.6028142764548045,-0.1175852800289008,0.6545161501105407,-0.23964527673319372,0.1717191149683979,-1.5861983085027498,1.0919172526227532,-0.9895204854602604,-0.29037022914157296,-0.0038882999892492047,-0.3867183411166511,0.31221743913386957,-0.23570226039551576,1.5946952649180768,1.0500296814078751,-0.43262951177644,-1.200847939378234,-1.1724942371496139,1.5455638672281675,-1.2756812633462207,-1.3210099664148178,0.6787038218943886,-0.562870181002857,1.9440077132846294,0.296383673135844,-0.1643989873053573,1.3489348657656888,0.674650180225625,-1.135062659444253,-0.391016476440307,0.07333535868228948,-0.44524757740045645,0.008716465854347218,0.045871425474649084,-0.8021131244165746,-0.980912893980329,-1.7950549357115015,-0.3892494720807615,2.728450923957483
CCCC[N+]1=CC=CC(=C1)C.C(F)(F)(F)S(=O)(=O)[N-]S(=O)(=O)C(F)(F)F,0.7603742668778218,-0.41099753543106343,-0.022790206154754737,-0.9657834088802371,0.46904259867751363,-0.16439898730535726,-0.11209847767598348,0.4517746830128416,0.008973926251264404,0.8276175387076986,0.2490879990196097,-0.4554080804479979,-0.1175852800289008,1.2650595686441957,-0.357311237359578,-0.6063055711757588,0.18778052428421163,2.252693104913693,-0.9895204854602604,-0.29037022914157296,-0.0038882999892492047,-0.3867183411166511,0.8090519429604723,-0.23570226039551576,-1.7561898846380313,1.0500296814078751,-0.43262951177644,-1.200847939378234,-1.1724942371496139,-0.7721408790335049,1.770129160345469,-0.1278472597061993,0.6787038218943886,-0.562870181002857,0.13502475949712542,0.959042390727075,-0.1643989873053573,1.3489348657656888,0.7907176740820973,-0.28883953161834464,-0.391016476440307,0.07333535868228948,-0.44524757740045645,0.008716465854347218,-1.4774181744679773,0.5521411997037615,-0.980912893980329,0.5570860145311556,2.5690465157330262,-0.3665083330689156
CCCC[N+]1=CC=C(C=C1)C.C(F)(F)(F)S(=O)(=O)[N-]S(=O)(=O)C(F)(F)F,0.7603742668778218,-0.4385980730969008,-0.022790206154754737,-0.9657834088802371,0.46904259867751363,-0.16439898730535726,-0.2921122580741879,0.4517746830124188,-0.0005896788170018416,0.8276175441881974,0.2553237658829276,-0.4554080804479979,-0.1175852800289008,1.2650595686441957,-0.357311237359578,-0.6063055711757588,0.18778052428421163,2.252693104913693,-0.9895204854602604,-0.29037022914157296,-0.0038882999892492047,-0.3867183411166511,0.8090519429604723,-0.23570226039551576,-1.7561898846380313,1.0500296814078751,-0.43262951177644,-1.200847939378234,-1.1724942371496139,-0.7721408790335049,1.770129160345469,-0.1278472597061993,0.6787038218943886,-0.562870181002857,0.13502475949712542,0.959042390727075,-0.1643989873053573,1.3489348657656888,0.7907176740820973,-0.28883953161834464,-0.391016476440307,0.07333535868228948,-0.44524757740045645,0.008716465854347218,-1.5883828830054199,0.5720567482197105,-0.980912893980329,0.5570860145311556,2.5690465157330262,-0.3665083330689156
CCCC[N+]1=CC=CC=C1.C(F)(F)(F)S(=O)(=O)[N-]S(=O)(=O)C(F)(F)F,0.7603742668778218,-0.5463074883782184,-0.022790206154754737,-1.1046530809758446,0.37908073162486344,-0.16439898730535726,-0.4721260384723923,0.4517746663388116,0.14336500131130672,0.8276161282204393,0.24576941764433316,-0.4554080804479979,-0.1175852800289008,1.3548943920119143,-0.3495759696658044,-0.6063055711757588,0.18778052428421163,2.252693104913693,-0.9895204854602604,-0.29037022914157296,-0.0038882999892492047,-0.3867183411166511,0.8090519429604723,-0.23570226039551576,-1.6406687671526143,1.0500296814078751,-0.43262951177644,-1.200847939378234,-1.1724942371496139,-0.7721408790335049,1.8187668705752718,-0.1278472597061993,0.6787038218943886,-0.562870181002857,0.13502475949712542,0.959042390727075,-0.1643989873053573,1.3489348657656888,0.7907176740820973,-0.28883953161834464,-0.391016476440307,0.07333535868228948,-0.44524757740045645,0.008716465854347218,-1.8898844175740677,0.993219784363717,-0.980912893980329,0.5570860145311556,2.5690465157330262,-0.3665083330689156
CCN1C=C[N+](=C1)C.CCOP(=O)([O-])OCC,0.5880128387696502,-0.5527401340130754,0.3063169784121261,0.1250630542497342,-0.5964286334788115,-0.16439898730535726,0.7667923325034858,0.33675294667863526,1.4002696639178194,0.2721968657901382,0.40290708865666514,0.4982984881187252,-0.1175852800289008,-0.7406534020284186,-0.34434198512408354,1.0968165431598615,0.6479253333527044,-0.6640209652664929,0.5374937236632275,3.9945951867877043,-0.4704611772211769,2.5302701488695263,-0.5255831118176617,-0.23570226039551576,1.2933941008942276,-0.43942947914145947,-0.43262951177644,0.8044854918635507,0.7799558094381508,0.3364940791580098,0.19896080091244678,1.1505650113733386,-0.8025559437949851,1.7014675281777307,-0.44140204543041917,1.014302936561772,-0.1643989873053573,-0.6959048539976065,0.22653392817151285,0.5573835962075638,3.33737487184014,0.07333535868228948,2.5827683483230137,0.008716465854347218,0.045871425474649084,-1.1339037036921342,0.26829348541161013,0.5570860145311556,-0.3892494720807615,-0.3665083330689156
CCCCCC[N+]1=CC=C(N(C)C)C(C)=C1.C(F)(F)(F)S(=O)(=O)[N-]S(=O)(=O)C(F)(F)F,0.7603742668778218,-0.03571744800893121,-0.022790206154754737,-0.5274474580830928,0.925188450989885,-0.16439898730535726,-0.32114673878357575,0.4517747684995239,-0.3111545823009819,0.8276245295054471,0.5040842639880082,-0.7166975512881958,-0.1175852800289008,1.1203502178599039,-0.2612281776167294,0.24406794876919938,0.18778052428421163,2.252693104913693,-0.9895204854602604,-0.29037022914157296,-0.0038882999892492047,-0.3867183411166511,0.8090519429604723,-0.23570226039551576,-1.3924046975483342,1.7430278124536114,-0.43262951177644,-1.200847939378234,-1.1724942371496139,0.8210554442900158,1.1565393354186118,1.152262658612917,0.9985102019724473,-0.562870181002857,0.9260113848216915,0.959042390727075,-0.1643989873053573,1.3489348657656888,0.8876400143127601,-1.135062659444253,-0.391016476440307,0.07333535868228948,-0.5966948674737083,0.008716465854347218,-1.112085959174347,-0.5906764084037649,-0.980912893980329,0.5570860145311556,2.5690465157330262,-0.3665083330689156
CCCCCC[N+]1=CC=C(N(C)C)C=C1.C(F)(F)(F)S(=O)(=O)[N-]S(=O)(=O)C(F)(F)F,0.7603742668778218,-0.1710274009560867,-0.022790206154754737,-0.6285609864695275,0.8352265839372348,-0.16439898730535726,-0.4721260384723923,0.4517747518120998,-0.2752613257573487,0.8276230411688537,0.4935973427326595,-0.7166975512881958,-0.1175852800289008,1.1471517684176509,-0.2683956076986117,0.24406794876919938,0.18778052428421163,2.252693104913693,-0.9895204854602604,-0.29037022914157296,-0.0038882999892492047,-0.3867183411166511,0.8090519429604723,-0.23570226039551576,-1.7561898846380313,1.7430278124536114,-0.43262951177644,-1.200847939378234,-1.1724942371496139,0.8210554442900158,1.2051770456484143,1.152262658612917,0.9985102019724473,-0.562870181002857,0.9260113848216915,0.959042390727075,-0.1643989873053573,1.3489348657656888,0.8876400143127601,-1.135062659444253,-0.391016476440307,0.07333535868228948,-0.5626046718722484,0.008716465854347218,-2.039842682391154,-0.03915433814558416,-0.980912893980329,0.5570860145311556,2.5690465157330262,-0.3665083330689156
CCCC[N+]1=CC=C(N(C)C)C=C1.C(F)(F)(F)S(=O)(=O)[N-]S(=O)(=O)C(F)(F)F,0.7603742668778218,-0.3247704699407602,-0.022790206154754737,-0.8524552278966332,0.6553028498319349,-0.16439898730535726,-0.3049703852454882,0.45177471855443657,0.08812194775316771,0.8276207468870658,0.36014073395154395,-0.7166975512881958,-0.1175852800289008,1.2316931215007925,-0.33986233195662713,0.24406794876919938,0.18778052428421163,2.252693104913693,-0.9895204854602604,-0.29037022914157296,-0.0038882999892492047,-0.3867183411166511,0.8090519429604723,-0.23570226039551576,-1.7561898846380313,1.7430278124536114,-0.43262951177644,-1.200847939378234,-1.1724942371496139,0.8210554442900158,1.2051770456484143,1.152262658612917,0.9985102019724473,-0.562870181002857,0.9260113848216915,0.959042390727075,-0.1643989873053573,1.3489348657656888,0.8876400143127601,0.6190489004875984,-0.391016476440307,0.07333535868228948,-0.5440464633379232,0.008716465854347218,-1.8750478576190885,0.04209810862892852,-0.980912893980329,0.5570860145311556,2.5690465157330262,-0.3665083330689156
CCN1C=C[N+](=C1)C.C(=O)(C(F)(F)F)[O-],0.1925820314032434,-0.5527401340130754,0.5528695864815844,-1.0647323152874268,-0.853480863568653,-0.16439898730535726,1.400017277668935,-0.913990836358424,1.3110761381789333,-1.1773683857331962,0.105207061720607,-0.6121817629521162,-0.1175852800289008,-0.43124467002481487,-0.4767691697875463,0.39570687069750055,1.531858138410124,-0.6640209652664929,0.5374937236632275,-0.29037022914157296,-0.20888524516104598,-0.3867183411166511,-0.5255831118176617,-0.23570226039551576,-0.27421154405144604,-0.6652620524612403,-0.43262951177644,0.8044854918635507,0.7799558094381508,-0.7721408790335049,0.19896080091244678,1.2062418818031995,-0.06192606095029831,-0.562870181002857,-0.4965302080218673,0.11489484556138396,-0.1643989873053573,-0.6959048539976065,-0.325684096722941,0.5573835962075638,-0.391016476440307,0.07333535868228948,1.9386162941222962,-2.0276672939504703,0.045871425474649084,0.7122164323590779,1.2302926646387944,0.5570860145311556,-0.3892494720807615,-0.3665083330689156
CCN1C=C[N+](=C1)C.C(F)(F)(F)S(=O)(=O)[O-],0.2823684541816033,-0.5527401340130754,0.21517011740433253,-1.0009699812017594,-0.6222428856273048,-0.16439898730535726,1.1367471238365607,0.4465928833289527,1.40026972713515,0.6092974176109014,0.08608297794667734,-0.037344927103680814,-0.1175852800289008,-0.13979055925779338,-0.5095448304777433,-0.5324868005078963,0.6479253333527044,0.2873055134177545,0.5374937236632275,-0.29037022914157296,-0.23717473860521304,-0.3867183411166511,0.39015166748470687,-0.23570226039551576,-0.27421154405144604,-0.15973535602425085,-0.43262951177644,0.8044854918635507,0.7799558094381508,-0.7721408790335049,0.19896080091244678,-0.1278472597061993,-0.06192606095029831,-0.562870181002857,-0.13746634740308614,0.6578838092153676,-0.1643989873053573,-0.6959048539976065,0.18495304764045703,0.5573835962075638,-0.391016476440307,0.07333535868228948,-0.44524757740045645,0.008716465854347218,0.045871425474649084,0.7122164323590779,0.22852219511251518,0.5570860145311556,-0.3892494720807615,-0.3665083330689156
CC[N+](CC)(CC)CC.[N+](=O)([O-])[O-],-1.202670474946185,1.24807651819149,0.741614793617009,0.8681833909081922,-1.0582183471304798,-0.16439898730535726,-0.11209847767598348,-1.1834505576761154,0.18763063457680318,-2.3337188300955543,-0.13003920157778848,0.2892669114465669,-0.1175852800289008,-1.167038638820816,-0.3765380908088237,2.1144540656225317,-1.5861983085027498,-0.7929024201578656,-0.9895204854602604,-0.29037022914157296,-0.4704611772211769,-0.3867183411166511,-1.519252119470867,-0.23570226039551576,1.5557130178887502,-1.3926115252069127,-0.43262951177644,-1.200847939378234,-1.1724942371496139,1.4241274453316428,-0.13894624939076414,-1.3210099664148178,-0.8025559437949851,-0.562870181002857,0.5718489860606573,-1.7483030168953693,-0.1643989873053573,-0.6959048539976065,0.19063676512311925,-1.135062659444253,-0.391016476440307,0.07333535868228948,1.7935115367252594,0.008716465854347218,0.045871425474649084,-2.690479947452236,1.2302926646387944,-1.7950549357115015,-0.3892494720807615,2.728450923957483
CN1C=C[N+](=C1)C.COP(=O)([O-])OC,0.19808323127506056,-0.3956639033944872,0.5090937293789776,-0.38512880416316997,-0.8663142346367609,-0.16439898730535726,1.0322748405697455,0.33675269092330823,1.9538129930751518,0.2717663227246812,0.028981500541213404,0.4982984881187252,-0.1175852800289008,-0.8077548790252661,-0.46748478946221605,1.0968165431598615,0.6479253333527044,-0.6640209652664929,0.5374937236632275,3.9945951867877043,-0.4704611772211769,2.5302701488695263,-0.5255831118176617,-0.23570226039551576,0.574801394273156,-0.43942947914145947,-0.43262951177644,0.8044854918635507,2.7324058560259155,0.41745169375569247,0.19896080091244678,1.1505650113733386,-0.8025559437949851,1.7014675281777307,-0.3870921166988221,1.0631560466061043,-0.1643989873053573,-0.6959048539976065,0.22653392817151285,0.5573835962075638,3.33737487184014,0.07333535868228948,2.4109040122891203,0.008716465854347218,0.045871425474649084,1.1812574186130103,-0.7115657141464681,0.5570860145311556,-0.3892494720807615,-0.3665083330689156
