IL_smiles,cation_smiles,anion_smiles,T,D+,D-,Damb,sigma,lambda,topsis
C[n+]1ccn(CCC(F)(F)C(F)(F)C(F)(F)C(F)(F)C(F)(F)C(F)(F)F)c1.FC(F)(F)C(F)(F)C(F)(F)[P-](F)(F)(F)(C(F)(F)C(F)(F)C(F)(F)F)C(F)(F)C(F)(F)C(F)(F)F,C[n+]1ccn(CCC(F)(F)C(F)(F)C(F)(F)C(F)(F)C(F)(F)C(F)(F)F)c1,FC(F)(F)C(F)(F)C(F)(F)[P-](F)(F)(F)(C(F)(F)C(F)(F)C(F)(F)F)C(F)(F)C(F)(F)C(F)(F)F,298.15,2.9936516284942627,9.627888679504396,4.567199235753195,0.2752415246815629,0.051491305232048,0.742048435136732
C[n+]1ccn(CCC(F)(F)C(F)(F)C(F)(F)C(F)(F)C(F)(F)C(F)(F)F)c1.FC(F)(F)C(F)(F)[P-](F)(F)(F)(C(F)(F)C(F)(F)F)C(F)(F)C(F)(F)F,C[n+]1ccn(CCC(F)(F)C(F)(F)C(F)(F)C(F)(F)C(F)(F)C(F)(F)F)c1,FC(F)(F)C(F)(F)[P-](F)(F)(F)(C(F)(F)C(F)(F)F)C(F)(F)C(F)(F)F,298.15,2.0647568702697754,7.112412929534912,3.200420997062805,0.2616286319556935,0.071509338915348,0.6980897721401599
COC(=O)C(Oc1ccc2c(c1)OCO2)C(=O)OC[n+]1ccccc1.FC(F)(F)C(F)(F)C(F)(F)[P-](F)(F)(F)(C(F)(F)C(F)(F)C(F)(F)F)C(F)(F)C(F)(F)C(F)(F)F,COC(=O)C(Oc1ccc2c(c1)OCO2)C(=O)OC[n+]1ccccc1,FC(F)(F)C(F)(F)C(F)(F)[P-](F)(F)(F)(C(F)(F)C(F)(F)C(F)(F)F)C(F)(F)C(F)(F)C(F)(F)F,298.15,2.7152516841888428,6.546939849853516,3.838527715230578,0.0053644839502896,0.0772240906953811,0.6870454116440107
NC(=O)c1ccc[n+](COC2CCCCCCCCCCC2)c1.FC(F)(F)C(F)(F)C(F)(F)[P-](F)(F)(F)(C(F)(F)C(F)(F)C(F)(F)F)C(F)(F)C(F)(F)C(F)(F)F,NC(=O)c1ccc[n+](COC2CCCCCCCCCCC2)c1,FC(F)(F)C(F)(F)C(F)(F)[P-](F)(F)(F)(C(F)(F)C(F)(F)C(F)(F)F)C(F)(F)C(F)(F)C(F)(F)F,298.15,1.6872482299804688,2.533583164215088,2.025564781009192,0.054095122869817,0.0712992399930954,0.6824534424225154
CCCCOC(=O)C(Oc1ccc2c(c1)OCO2)C(=O)OC[n+]1ccccc1.FC(F)(F)C(F)(F)C(F)(F)[P-](F)(F)(F)(C(F)(F)C(F)(F)C(F)(F)F)C(F)(F)C(F)(F)C(F)(F)F,CCCCOC(=O)C(Oc1ccc2c(c1)OCO2)C(=O)OC[n+]1ccccc1,FC(F)(F)C(F)(F)C(F)(F)[P-](F)(F)(F)(C(F)(F)C(F)(F)C(F)(F)F)C(F)(F)C(F)(F)C(F)(F)F,298.15,2.4538567066192627,5.181400299072266,3.3304481732782176,0.0030859876800282,0.0787078291177749,0.6787839654125206
COC(=O)C(c1ccc2c(c1)OCO2)[n+]1ccccc1.FC(F)(F)C(F)(F)C(F)(F)[P-](F)(F)(F)(C(F)(F)C(F)(F)C(F)(F)F)C(F)(F)C(F)(F)C(F)(F)F,COC(=O)C(c1ccc2c(c1)OCO2)[n+]1ccccc1,FC(F)(F)C(F)(F)C(F)(F)[P-](F)(F)(F)(C(F)(F)C(F)(F)C(F)(F)F)C(F)(F)C(F)(F)C(F)(F)F,298.15,2.8737356662750244,6.427271366119385,3.9716729376325546,0.0598823955616489,0.083376333117485,0.6749440348258322
C[n+]1ccn(CCC(F)(F)C(F)(F)C(F)(F)C(F)(F)C(F)(F)C(F)(F)F)c1.O=S(=O)([C-](S(=O)(=O)C(F)(F)F)S(=O)(=O)C(F)(F)F)C(F)(F)F,C[n+]1ccn(CCC(F)(F)C(F)(F)C(F)(F)C(F)(F)C(F)(F)C(F)(F)F)c1,O=S(=O)([C-](S(=O)(=O)C(F)(F)F)S(=O)(=O)C(F)(F)F)C(F)(F)F,298.15,1.814408540725708,3.5798325538635254,2.408227087444453,0.2088943143221334,0.0816326141357421,0.6670571098367933
CCCCOC(=O)C(c1ccc2c(c1)OCO2)[n+]1ccccc1.FC(F)(F)C(F)(F)C(F)(F)[P-](F)(F)(F)(C(F)(F)C(F)(F)C(F)(F)F)C(F)(F)C(F)(F)C(F)(F)F,CCCCOC(=O)C(c1ccc2c(c1)OCO2)[n+]1ccccc1,FC(F)(F)C(F)(F)C(F)(F)[P-](F)(F)(F)(C(F)(F)C(F)(F)C(F)(F)F)C(F)(F)C(F)(F)C(F)(F)F,298.15,2.483759880065918,5.065155982971191,3.3330961544769964,0.0298916943158011,0.0848463177680969,0.6646281019096337
COC(=O)C(c1ccc(OC)c(OC)c1)[n+]1ccccc1.FC(F)(F)C(F)(F)C(F)(F)[P-](F)(F)(F)(C(F)(F)C(F)(F)C(F)(F)F)C(F)(F)C(F)(F)C(F)(F)F,COC(=O)C(c1ccc(OC)c(OC)c1)[n+]1ccccc1,FC(F)(F)C(F)(F)C(F)(F)[P-](F)(F)(F)(C(F)(F)C(F)(F)C(F)(F)F)C(F)(F)C(F)(F)C(F)(F)F,298.15,2.4139528274536133,6.284230709075928,3.488046998510961,0.1457777832412973,0.0871424153447151,0.6624377115921934
ClCC[NH+]1C=CN=C1.FC(F)(F)C(F)(F)C(F)(F)[P-](F)(F)(F)(C(F)(F)C(F)(F)C(F)(F)F)C(F)(F)C(F)(F)C(F)(F)F,ClCC[NH+]1C=CN=C1,FC(F)(F)C(F)(F)C(F)(F)[P-](F)(F)(F)(C(F)(F)C(F)(F)C(F)(F)F)C(F)(F)C(F)(F)C(F)(F)F,298.15,1.6253416538238523,6.048845291137695,2.5622102457843177,0.2586741233633422,0.0850886031985282,0.661030381151739
C[N+]1(CC#N)CCCC1.FC(F)(F)C(F)(F)C(F)(F)[P-](F)(F)(F)(C(F)(F)C(F)(F)C(F)(F)F)C(F)(F)C(F)(F)C(F)(F)F,C[N+]1(CC#N)CCCC1,FC(F)(F)C(F)(F)C(F)(F)[P-](F)(F)(F)(C(F)(F)C(F)(F)C(F)(F)F)C(F)(F)C(F)(F)C(F)(F)F,298.15,1.0607938766479492,4.073100090026856,1.6832134292299012,0.2558668715294142,0.0832668542861938,0.6568794219141214
CCC[N+]1(C)C=CN=C1.FC(F)(F)C(F)(F)C(F)(F)[P-](F)(F)(F)(C(F)(F)C(F)(F)C(F)(F)F)C(F)(F)C(F)(F)C(F)(F)F,CCC[N+]1(C)C=CN=C1,FC(F)(F)C(F)(F)C(F)(F)[P-](F)(F)(F)(C(F)(F)C(F)(F)C(F)(F)F)C(F)(F)C(F)(F)C(F)(F)F,298.15,1.6762568950653076,6.093316555023193,2.629221270585162,0.2553605032909632,0.0870346054434776,0.6566206250784066
CC[NH+]1C=CN=C1.FC(F)(F)C(F)(F)C(F)(F)[P-](F)(F)(F)(C(F)(F)C(F)(F)C(F)(F)F)C(F)(F)C(F)(F)C(F)(F)F,CC[NH+]1C=CN=C1,FC(F)(F)C(F)(F)C(F)(F)[P-](F)(F)(F)(C(F)(F)C(F)(F)C(F)(F)F)C(F)(F)C(F)(F)C(F)(F)F,298.15,1.6690499782562256,6.331710815429688,2.64173422286483,0.2653885893602566,0.087299071252346,0.6562360365238815
N#CC[n+]1ccccc1.FC(F)(F)C(F)(F)C(F)(F)[P-](F)(F)(F)(C(F)(F)C(F)(F)C(F)(F)F)C(F)(F)C(F)(F)C(F)(F)F,N#CC[n+]1ccccc1,FC(F)(F)C(F)(F)C(F)(F)[P-](F)(F)(F)(C(F)(F)C(F)(F)C(F)(F)F)C(F)(F)C(F)(F)C(F)(F)F,298.15,2.0203802585601807,5.173466205596924,2.9059193971388053,0.2666044039518471,0.088291049003601,0.6561704773108358
Cn1cc[n+](CC#N)c1.FC(F)(F)C(F)(F)C(F)(F)[P-](F)(F)(F)(C(F)(F)C(F)(F)C(F)(F)F)C(F)(F)C(F)(F)C(F)(F)F,Cn1cc[n+](CC#N)c1,FC(F)(F)C(F)(F)C(F)(F)[P-](F)(F)(F)(C(F)(F)C(F)(F)C(F)(F)F)C(F)(F)C(F)(F)C(F)(F)F,298.15,1.9735674858093264,5.19304084777832,2.860158136903338,0.2600999157861403,0.0881323814392089,0.6560339155073152
COCC[N+]1(C)CCCC1.FC(F)(F)C(F)(F)C(F)(F)[P-](F)(F)(F)(C(F)(F)C(F)(F)C(F)(F)F)C(F)(F)C(F)(F)C(F)(F)F,COCC[N+]1(C)CCCC1,FC(F)(F)C(F)(F)C(F)(F)[P-](F)(F)(F)(C(F)(F)C(F)(F)C(F)(F)F)C(F)(F)C(F)(F)C(F)(F)F,298.15,1.50518000125885,3.5363783836364746,2.1116034422535943,0.226098974010907,0.0851558595895767,0.6558796346140671
Cc1ccc(Cn2cc[n+](C)c2)cc1.FC(F)(F)C(F)(F)C(F)(F)[P-](F)(F)(F)(C(F)(F)C(F)(F)C(F)(F)F)C(F)(F)C(F)(F)C(F)(F)F,Cc1ccc(Cn2cc[n+](C)c2)cc1,FC(F)(F)C(F)(F)C(F)(F)[P-](F)(F)(F)(C(F)(F)C(F)(F)C(F)(F)F)C(F)(F)C(F)(F)C(F)(F)F,298.15,3.054073572158813,5.42890739440918,3.9090698574726654,0.2224914898094056,0.0915475711226463,0.6557800420154097
CCC[NH+]1C=CN=C1.FC(F)(F)C(F)(F)C(F)(F)[P-](F)(F)(F)(C(F)(F)C(F)(F)C(F)(F)F)C(F)(F)C(F)(F)C(F)(F)F,CCC[NH+]1C=CN=C1,FC(F)(F)C(F)(F)C(F)(F)[P-](F)(F)(F)(C(F)(F)C(F)(F)C(F)(F)F)C(F)(F)C(F)(F)C(F)(F)F,298.15,1.6738791465759275,5.928186416625977,2.6106240566610985,0.2569515919059231,0.0877381563186645,0.6546269441994697
CCOC(=O)C[N+]1(C)CCCC1.FC(F)(F)C(F)(F)C(F)(F)[P-](F)(F)(F)(C(F)(F)C(F)(F)C(F)(F)F)C(F)(F)C(F)(F)C(F)(F)F,CCOC(=O)C[N+]1(C)CCCC1,FC(F)(F)C(F)(F)C(F)(F)[P-](F)(F)(F)(C(F)(F)C(F)(F)C(F)(F)F)C(F)(F)C(F)(F)C(F)(F)F,298.15,0.9091953039169312,3.945753574371338,1.477857217518926,0.2238295449621229,0.0832107961177825,0.6544376116087898
Cn1cc[n+](Cc2ccccc2)c1.FC(F)(F)C(F)(F)C(F)(F)[P-](F)(F)(F)(C(F)(F)C(F)(F)C(F)(F)F)C(F)(F)C(F)(F)C(F)(F)F,Cn1cc[n+](Cc2ccccc2)c1,FC(F)(F)C(F)(F)C(F)(F)[P-](F)(F)(F)(C(F)(F)C(F)(F)C(F)(F)F)C(F)(F)C(F)(F)C(F)(F)F,298.15,2.859830856323242,5.285097122192383,3.711385507294685,0.2344176077417422,0.0915220528841018,0.6542533834708879
CCCCOC[NH+]1C=CN=C1.FC(F)(F)C(F)(F)C(F)(F)[P-](F)(F)(F)(C(F)(F)C(F)(F)C(F)(F)F)C(F)(F)C(F)(F)C(F)(F)F,CCCCOC[NH+]1C=CN=C1,FC(F)(F)C(F)(F)C(F)(F)[P-](F)(F)(F)(C(F)(F)C(F)(F)C(F)(F)F)C(F)(F)C(F)(F)C(F)(F)F,298.15,1.7229931354522705,5.102363109588623,2.5760813932001363,0.2280382968131611,0.08755873888731,0.6542335196354996
C[N+]1(CCO)CCCC1.FC(F)(F)C(F)(F)C(F)(F)[P-](F)(F)(F)(C(F)(F)C(F)(F)C(F)(F)F)C(F)(F)C(F)(F)C(F)(F)F,C[N+]1(CCO)CCCC1,FC(F)(F)C(F)(F)C(F)(F)[P-](F)(F)(F)(C(F)(F)C(F)(F)C(F)(F)F)C(F)(F)C(F)(F)C(F)(F)F,298.15,1.411267638206482,3.691929578781128,2.04197506603388,0.2364685541839934,0.0856377035379409,0.654181743684795
CCOCC[N+]1(C)CCCC1.FC(F)(F)C(F)(F)C(F)(F)[P-](F)(F)(F)(C(F)(F)C(F)(F)C(F)(F)F)C(F)(F)C(F)(F)C(F)(F)F,CCOCC[N+]1(C)CCCC1,FC(F)(F)C(F)(F)C(F)(F)[P-](F)(F)(F)(C(F)(F)C(F)(F)C(F)(F)F)C(F)(F)C(F)(F)C(F)(F)F,298.15,1.608839988708496,3.149244785308838,2.129693431484919,0.2191278845737459,0.0858622640371322,0.6541493044579634
CC[n+]1cccc(C(=O)O)c1.FC(F)(F)C(F)(F)C(F)(F)[P-](F)(F)(F)(C(F)(F)C(F)(F)C(F)(F)F)C(F)(F)C(F)(F)C(F)(F)F,CC[n+]1cccc(C(=O)O)c1,FC(F)(F)C(F)(F)C(F)(F)[P-](F)(F)(F)(C(F)(F)C(F)(F)C(F)(F)F)C(F)(F)C(F)(F)C(F)(F)F,298.15,1.8019068241119385,5.445311546325684,2.7077820849897445,0.2538860429984457,0.0886124372482299,0.6531802508241686
C[n+]1ccn(CCCCS(=O)(=O)O)c1.FC(F)(F)C(F)(F)C(F)(F)[P-](F)(F)(F)(C(F)(F)C(F)(F)C(F)(F)F)C(F)(F)C(F)(F)C(F)(F)F,C[n+]1ccn(CCCCS(=O)(=O)O)c1,FC(F)(F)C(F)(F)C(F)(F)[P-](F)(F)(F)(C(F)(F)C(F)(F)C(F)(F)F)C(F)(F)C(F)(F)C(F)(F)F,298.15,1.6499866247177124,3.753505945205689,2.2923079934856263,0.2154905373216847,0.0869447737932205,0.6528804822944141
C[n+]1cc[nH]c1.FC(F)(F)C(F)(F)C(F)(F)[P-](F)(F)(F)(C(F)(F)C(F)(F)C(F)(F)F)C(F)(F)C(F)(F)C(F)(F)F,C[n+]1cc[nH]c1,FC(F)(F)C(F)(F)C(F)(F)[P-](F)(F)(F)(C(F)(F)C(F)(F)C(F)(F)F)C(F)(F)C(F)(F)C(F)(F)F,298.15,2.257899761199951,5.337866306304932,3.1734434555281736,0.2663452528273051,0.0905844122171402,0.6524583777278543
CCCCCOC[NH+]1C=CN=C1.FC(F)(F)C(F)(F)C(F)(F)[P-](F)(F)(F)(C(F)(F)C(F)(F)C(F)(F)F)C(F)(F)C(F)(F)C(F)(F)F,CCCCCOC[NH+]1C=CN=C1,FC(F)(F)C(F)(F)C(F)(F)[P-](F)(F)(F)(C(F)(F)C(F)(F)C(F)(F)F)C(F)(F)C(F)(F)C(F)(F)F,298.15,1.7506637573242188,4.74618673324585,2.557847717581528,0.2215694536166455,0.0881391987204551,0.6524119514829491
O=S(=O)(O)CCC[n+]1ccccc1.FC(F)(F)C(F)(F)C(F)(F)[P-](F)(F)(F)(C(F)(F)C(F)(F)C(F)(F)F)C(F)(F)C(F)(F)C(F)(F)F,O=S(=O)(O)CCC[n+]1ccccc1,FC(F)(F)C(F)(F)C(F)(F)[P-](F)(F)(F)(C(F)(F)C(F)(F)C(F)(F)F)C(F)(F)C(F)(F)C(F)(F)F,298.15,1.3688007593154907,4.092553615570068,2.0514656665725166,0.2105023601249255,0.0862842053174972,0.6521687962379034
CCCC[NH+]1C=CN=C1.FC(F)(F)C(F)(F)C(F)(F)[P-](F)(F)(F)(C(F)(F)C(F)(F)C(F)(F)F)C(F)(F)C(F)(F)C(F)(F)F,CCCC[NH+]1C=CN=C1,FC(F)(F)C(F)(F)C(F)(F)[P-](F)(F)(F)(C(F)(F)C(F)(F)C(F)(F)F)C(F)(F)C(F)(F)C(F)(F)F,298.15,1.6095516681671145,5.602103233337402,2.500639514123581,0.2495794080059569,0.088263139128685,0.6520506043729931
CCc1ccc(C[n+]2ccn(C)c2)cc1.FC(F)(F)C(F)(F)C(F)(F)[P-](F)(F)(F)(C(F)(F)C(F)(F)C(F)(F)F)C(F)(F)C(F)(F)C(F)(F)F,CCc1ccc(C[n+]2ccn(C)c2)cc1,FC(F)(F)C(F)(F)C(F)(F)[P-](F)(F)(F)(C(F)(F)C(F)(F)C(F)(F)F)C(F)(F)C(F)(F)C(F)(F)F,298.15,2.926272392272949,5.01319694519043,3.695456004475187,0.2139787003430646,0.0921907126903534,0.6518097398043405
CSCC(CCC[N+]1(C)CCCC1)SC.FC(F)(F)C(F)(F)C(F)(F)[P-](F)(F)(F)(C(F)(F)C(F)(F)C(F)(F)F)C(F)(F)C(F)(F)C(F)(F)F,CSCC(CCC[N+]1(C)CCCC1)SC,FC(F)(F)C(F)(F)C(F)(F)[P-](F)(F)(F)(C(F)(F)C(F)(F)C(F)(F)F)C(F)(F)C(F)(F)C(F)(F)F,298.15,1.6408754587173462,2.8800199031829834,2.0906274538342884,0.2167412397162602,0.086654245853424,0.6517131431894885
C[n+]1ccn(CCCl)c1.FC(F)(F)C(F)(F)C(F)(F)[P-](F)(F)(F)(C(F)(F)C(F)(F)C(F)(F)F)C(F)(F)C(F)(F)C(F)(F)F,C[n+]1ccn(CCCl)c1,FC(F)(F)C(F)(F)C(F)(F)[P-](F)(F)(F)(C(F)(F)C(F)(F)C(F)(F)F)C(F)(F)C(F)(F)C(F)(F)F,298.15,1.8435899019241333,4.782495498657227,2.66128788697728,0.2516701795611877,0.0892325043678283,0.6510320998505454
Cc1cccc[nH+]1.FC(F)(F)C(F)(F)C(F)(F)[P-](F)(F)(F)(C(F)(F)C(F)(F)C(F)(F)F)C(F)(F)C(F)(F)C(F)(F)F,Cc1cccc[nH+]1,FC(F)(F)C(F)(F)C(F)(F)[P-](F)(F)(F)(C(F)(F)C(F)(F)C(F)(F)F)C(F)(F)C(F)(F)C(F)(F)F,298.15,2.188190221786499,5.457644939422607,3.1238877215183285,0.2624277068638869,0.0910474956035614,0.650629632722368
COCC[S+](C)CCOC.FC(F)(F)C(F)(F)C(F)(F)[P-](F)(F)(F)(C(F)(F)C(F)(F)C(F)(F)F)C(F)(F)C(F)(F)C(F)(F)F,COCC[S+](C)CCOC,FC(F)(F)C(F)(F)C(F)(F)[P-](F)(F)(F)(C(F)(F)C(F)(F)C(F)(F)F)C(F)(F)C(F)(F)C(F)(F)F,298.15,2.3660151958465576,3.3597183227539062,2.776637990425672,0.2319315884452842,0.0896527394652366,0.6506272798648646
CCCCCCOC[NH+]1C=CN=C1.FC(F)(F)C(F)(F)C(F)(F)[P-](F)(F)(F)(C(F)(F)C(F)(F)C(F)(F)F)C(F)(F)C(F)(F)C(F)(F)F,CCCCCCOC[NH+]1C=CN=C1,FC(F)(F)C(F)(F)C(F)(F)[P-](F)(F)(F)(C(F)(F)C(F)(F)C(F)(F)F)C(F)(F)C(F)(F)C(F)(F)F,298.15,1.8419365882873533,4.372427463531494,2.591973710440709,0.2145967483052648,0.0888943746685981,0.6506014792000439
CCCCC[NH+]1C=CN=C1.FC(F)(F)C(F)(F)C(F)(F)[P-](F)(F)(F)(C(F)(F)C(F)(F)C(F)(F)F)C(F)(F)C(F)(F)C(F)(F)F,CCCCC[NH+]1C=CN=C1,FC(F)(F)C(F)(F)C(F)(F)[P-](F)(F)(F)(C(F)(F)C(F)(F)C(F)(F)F)C(F)(F)C(F)(F)C(F)(F)F,298.15,1.6408929824829102,5.229873180389404,2.498021908342461,0.240530301683275,0.0888083130121231,0.6504114468003322
CN(C)c1cc[n+](C)cc1.FC(F)(F)C(F)(F)C(F)(F)[P-](F)(F)(F)(C(F)(F)C(F)(F)C(F)(F)F)C(F)(F)C(F)(F)C(F)(F)F,CN(C)c1cc[n+](C)cc1,FC(F)(F)C(F)(F)C(F)(F)[P-](F)(F)(F)(C(F)(F)C(F)(F)C(F)(F)F)C(F)(F)C(F)(F)C(F)(F)F,298.15,2.154471635818481,5.695855140686035,3.126381535878703,0.2531330912394212,0.0910804867744445,0.6503877677930539
CCCCCC[NH+]1C=CN=C1.FC(F)(F)C(F)(F)C(F)(F)[P-](F)(F)(F)(C(F)(F)C(F)(F)C(F)(F)F)C(F)(F)C(F)(F)C(F)(F)F,CCCCCC[NH+]1C=CN=C1,FC(F)(F)C(F)(F)C(F)(F)[P-](F)(F)(F)(C(F)(F)C(F)(F)C(F)(F)F)C(F)(F)C(F)(F)C(F)(F)F,298.15,1.7425872087478638,4.843929290771484,2.563105770035946,0.2319924262221504,0.0893508344888687,0.6494210298747114
CCC[N+]1(C)CCCC1.FC(F)(F)C(F)(F)C(F)(F)[P-](F)(F)(F)(C(F)(F)C(F)(F)C(F)(F)F)C(F)(F)C(F)(F)C(F)(F)F,CCC[N+]1(C)CCCC1,FC(F)(F)C(F)(F)C(F)(F)[P-](F)(F)(F)(C(F)(F)C(F)(F)C(F)(F)F)C(F)(F)C(F)(F)C(F)(F)F,298.15,1.1628199815750122,3.649251699447632,1.7636573497643662,0.2438776065343353,0.0865730941295623,0.6492561632054421
CC[S+](CCOC)CCOC.FC(F)(F)C(F)(F)C(F)(F)[P-](F)(F)(F)(C(F)(F)C(F)(F)C(F)(F)F)C(F)(F)C(F)(F)C(F)(F)F,CC[S+](CCOC)CCOC,FC(F)(F)C(F)(F)C(F)(F)[P-](F)(F)(F)(C(F)(F)C(F)(F)C(F)(F)F)C(F)(F)C(F)(F)C(F)(F)F,298.15,2.586708068847656,3.0003061294555664,2.778198085278819,0.2243517076267146,0.0901868641376495,0.6490476851302596
C[n+]1ccn(CCc2ccccc2)c1.FC(F)(F)C(F)(F)C(F)(F)[P-](F)(F)(F)(C(F)(F)C(F)(F)C(F)(F)F)C(F)(F)C(F)(F)C(F)(F)F,C[n+]1ccn(CCc2ccccc2)c1,FC(F)(F)C(F)(F)C(F)(F)[P-](F)(F)(F)(C(F)(F)C(F)(F)C(F)(F)F)C(F)(F)C(F)(F)C(F)(F)F,298.15,2.585443019866944,4.770331382751465,3.3533981062814315,0.2156646562006947,0.0922374501824379,0.6485467278428072
CCCCOC(=O)c1ccc[n+](C)c1.FC(F)(F)C(F)(F)C(F)(F)[P-](F)(F)(F)(C(F)(F)C(F)(F)C(F)(F)F)C(F)(F)C(F)(F)C(F)(F)F,CCCCOC(=O)c1ccc[n+](C)c1,FC(F)(F)C(F)(F)C(F)(F)[P-](F)(F)(F)(C(F)(F)C(F)(F)C(F)(F)F)C(F)(F)C(F)(F)C(F)(F)F,298.15,1.6990426778793335,4.683390140533447,2.493494237172238,0.2104924220800649,0.0895511656999588,0.6478321046117927
CCOC(=O)C[n+]1ccccc1.FC(F)(F)C(F)(F)C(F)(F)[P-](F)(F)(F)(C(F)(F)C(F)(F)C(F)(F)F)C(F)(F)C(F)(F)C(F)(F)F,CCOC(=O)C[n+]1ccccc1,FC(F)(F)C(F)(F)C(F)(F)[P-](F)(F)(F)(C(F)(F)C(F)(F)C(F)(F)F)C(F)(F)C(F)(F)C(F)(F)F,298.15,1.4725563526153564,4.959020614624023,2.2708077182350923,0.2253384473569406,0.0888669490814209,0.6478183582064777
COCC[n+]1ccccc1.FC(F)(F)C(F)(F)C(F)(F)[P-](F)(F)(F)(C(F)(F)C(F)(F)C(F)(F)F)C(F)(F)C(F)(F)C(F)(F)F,COCC[n+]1ccccc1,FC(F)(F)C(F)(F)C(F)(F)[P-](F)(F)(F)(C(F)(F)C(F)(F)C(F)(F)F)C(F)(F)C(F)(F)C(F)(F)F,298.15,2.0145082473754883,4.520732402801514,2.7870596347127936,0.2241339048190577,0.0906644687056541,0.6478171194332927
CCCC[n+]1cccc(C#N)c1.FC(F)(F)C(F)(F)C(F)(F)[P-](F)(F)(F)(C(F)(F)C(F)(F)C(F)(F)F)C(F)(F)C(F)(F)C(F)(F)F,CCCC[n+]1cccc(C#N)c1,FC(F)(F)C(F)(F)C(F)(F)[P-](F)(F)(F)(C(F)(F)C(F)(F)C(F)(F)F)C(F)(F)C(F)(F)C(F)(F)F,298.15,1.700372338294983,4.513045787811279,2.4700923270592554,0.2501069543686239,0.0897811725735664,0.6477061781980832
CC[n+]1ccccc1.FC(F)(F)C(F)(F)C(F)(F)[P-](F)(F)(F)(C(F)(F)C(F)(F)C(F)(F)F)C(F)(F)C(F)(F)C(F)(F)F,CC[n+]1ccccc1,FC(F)(F)C(F)(F)C(F)(F)[P-](F)(F)(F)(C(F)(F)C(F)(F)C(F)(F)F)C(F)(F)C(F)(F)C(F)(F)F,298.15,2.0271759033203125,5.002582550048828,2.885195804976585,0.2594090203305847,0.0913748815655708,0.6474171014982935
CCCC[N+]1(C)CCCC1.FC(F)(F)C(F)(F)C(F)(F)[P-](F)(F)(F)(C(F)(F)C(F)(F)C(F)(F)F)C(F)(F)C(F)(F)C(F)(F)F,CCCC[N+]1(C)CCCC1,FC(F)(F)C(F)(F)C(F)(F)[P-](F)(F)(F)(C(F)(F)C(F)(F)C(F)(F)F)C(F)(F)C(F)(F)C(F)(F)F,298.15,1.1628894805908203,3.3319356441497803,1.7240594697489986,0.2370398181395406,0.087101012468338,0.6474080720519348
CCn1cc[n+](C)c1.FC(F)(F)C(F)(F)C(F)(F)[P-](F)(F)(F)(C(F)(F)C(F)(F)C(F)(F)F)C(F)(F)C(F)(F)C(F)(F)F,CCn1cc[n+](C)c1,FC(F)(F)C(F)(F)C(F)(F)[P-](F)(F)(F)(C(F)(F)C(F)(F)C(F)(F)F)C(F)(F)C(F)(F)C(F)(F)F,298.15,2.0006754398345947,5.0667901039123535,2.868638681560547,0.261910187764392,0.0914857983589172,0.6469978092097786
CC(=O)CCn1cc[n+](C)c1.FC(F)(F)C(F)(F)C(F)(F)[P-](F)(F)(F)(C(F)(F)C(F)(F)C(F)(F)F)C(F)(F)C(F)(F)C(F)(F)F,CC(=O)CCn1cc[n+](C)c1,FC(F)(F)C(F)(F)C(F)(F)[P-](F)(F)(F)(C(F)(F)C(F)(F)C(F)(F)F)C(F)(F)C(F)(F)C(F)(F)F,298.15,1.6385221481323242,4.993299961090088,2.4673860196390844,0.2429311495853594,0.0900293290615081,0.6468789615818369
CCCOC[n+]1cccc(O)c1.FC(F)(F)C(F)(F)C(F)(F)[P-](F)(F)(F)(C(F)(F)C(F)(F)C(F)(F)F)C(F)(F)C(F)(F)C(F)(F)F,CCCOC[n+]1cccc(O)c1,FC(F)(F)C(F)(F)C(F)(F)[P-](F)(F)(F)(C(F)(F)C(F)(F)C(F)(F)F)C(F)(F)C(F)(F)C(F)(F)F,298.15,1.964588522911072,4.185344696044922,2.6740063221930144,0.2133833999561431,0.0906289219856262,0.6466564703532055
C[n+]1ccn(CCC(F)(F)C(F)(F)C(F)(F)C(F)(F)C(F)(F)C(F)(F)F)c1.FC(F)(F)C(F)(F)C(F)(F)[P-](F)(F)(F)(C(F)(F)C(F)(F)C(F)(F)F)C(F)(F)C(F)(F)C(F)(F)F,C[n+]1ccn(CCC(F)(F)C(F)(F)C(F)(F)C(F)(F)C(F)(F)C(F)(F)F)c1,FC(F)(F)C(F)(F)C(F)(F)[P-](F)(F)(F)(C(F)(F)C(F)(F)C(F)(F)F)C(F)(F)C(F)(F)C(F)(F)F,323.15,6.52841854095459,11.059282302856444,8.210240130508637,0.418100168272312,0.0509506687521934,0.6714441267899961
C[n+]1ccn(CCC(F)(F)C(F)(F)C(F)(F)C(F)(F)C(F)(F)C(F)(F)F)c1.FC(F)(F)C(F)(F)[P-](F)(F)(F)(C(F)(F)C(F)(F)F)C(F)(F)C(F)(F)F,C[n+]1ccn(CCC(F)(F)C(F)(F)C(F)(F)C(F)(F)C(F)(F)C(F)(F)F)c1,FC(F)(F)C(F)(F)[P-](F)(F)(F)(C(F)(F)C(F)(F)F)C(F)(F)C(F)(F)F,323.15,6.1471381187438965,8.452693939208984,7.117873262313761,0.412323059218072,0.0709830597043037,0.6348910111379127
COC(=O)C(Oc1ccc2c(c1)OCO2)C(=O)OC[n+]1ccccc1.FC(F)(F)C(F)(F)C(F)(F)[P-](F)(F)(F)(C(F)(F)C(F)(F)C(F)(F)F)C(F)(F)C(F)(F)C(F)(F)F,COC(=O)C(Oc1ccc2c(c1)OCO2)C(=O)OC[n+]1ccccc1,FC(F)(F)C(F)(F)C(F)(F)[P-](F)(F)(F)(C(F)(F)C(F)(F)C(F)(F)F)C(F)(F)C(F)(F)C(F)(F)F,323.15,7.050184726715088,8.042030334472656,7.513515969128588,0.0320658824178386,0.0766500085592269,0.6190282024044378
CCCCOC(=O)C(Oc1ccc2c(c1)OCO2)C(=O)OC[n+]1ccccc1.FC(F)(F)C(F)(F)C(F)(F)[P-](F)(F)(F)(C(F)(F)C(F)(F)C(F)(F)F)C(F)(F)C(F)(F)C(F)(F)F,CCCCOC(=O)C(Oc1ccc2c(c1)OCO2)C(=O)OC[n+]1ccccc1,FC(F)(F)C(F)(F)C(F)(F)[P-](F)(F)(F)(C(F)(F)C(F)(F)C(F)(F)F)C(F)(F)C(F)(F)C(F)(F)F,323.15,6.835986137390137,6.5603790283203125,6.695347512385354,0.0200713866136037,0.0781338810920715,0.6103257267484442
COC(=O)C(c1ccc2c(c1)OCO2)[n+]1ccccc1.FC(F)(F)C(F)(F)C(F)(F)[P-](F)(F)(F)(C(F)(F)C(F)(F)C(F)(F)F)C(F)(F)C(F)(F)C(F)(F)F,COC(=O)C(c1ccc2c(c1)OCO2)[n+]1ccccc1,FC(F)(F)C(F)(F)C(F)(F)[P-](F)(F)(F)(C(F)(F)C(F)(F)C(F)(F)F)C(F)(F)C(F)(F)C(F)(F)F,323.15,7.38205099105835,7.953488826751709,7.657123358345307,0.1575873414614263,0.0827869400382042,0.6101472606686307
NC(=O)c1ccc[n+](COC2CCCCCCCCCCC2)c1.FC(F)(F)C(F)(F)C(F)(F)[P-](F)(F)(F)(C(F)(F)C(F)(F)C(F)(F)F)C(F)(F)C(F)(F)C(F)(F)F,NC(=O)c1ccc[n+](COC2CCCCCCCCCCC2)c1,FC(F)(F)C(F)(F)C(F)(F)[P-](F)(F)(F)(C(F)(F)C(F)(F)C(F)(F)F)C(F)(F)C(F)(F)C(F)(F)F,323.15,4.9676194190979,3.749160289764404,4.273229812566912,0.1188739551864733,0.0707631334662437,0.6091501937086975
COC(=O)C(c1ccc(OC)c(OC)c1)[n+]1ccccc1.FC(F)(F)C(F)(F)C(F)(F)[P-](F)(F)(F)(C(F)(F)C(F)(F)C(F)(F)F)C(F)(F)C(F)(F)C(F)(F)F,COC(=O)C(c1ccc(OC)c(OC)c1)[n+]1ccccc1,FC(F)(F)C(F)(F)C(F)(F)[P-](F)(F)(F)(C(F)(F)C(F)(F)C(F)(F)F)C(F)(F)C(F)(F)C(F)(F)F,323.15,6.933248043060303,7.816648006439209,7.348493753727136,0.2885476855043935,0.0865710973739624,0.6024273415142573
CCCCOC(=O)C(c1ccc2c(c1)OCO2)[n+]1ccccc1.FC(F)(F)C(F)(F)C(F)(F)[P-](F)(F)(F)(C(F)(F)C(F)(F)C(F)(F)F)C(F)(F)C(F)(F)C(F)(F)F,CCCCOC(=O)C(c1ccc2c(c1)OCO2)[n+]1ccccc1,FC(F)(F)C(F)(F)C(F)(F)[P-](F)(F)(F)(C(F)(F)C(F)(F)C(F)(F)F)C(F)(F)C(F)(F)C(F)(F)F,323.15,6.754527568817139,6.547995567321777,6.649658283218714,0.1153821156227437,0.0842825323343277,0.5991458683537781
ClCC[NH+]1C=CN=C1.FC(F)(F)C(F)(F)C(F)(F)[P-](F)(F)(F)(C(F)(F)C(F)(F)C(F)(F)F)C(F)(F)C(F)(F)C(F)(F)F,ClCC[NH+]1C=CN=C1,FC(F)(F)C(F)(F)C(F)(F)[P-](F)(F)(F)(C(F)(F)C(F)(F)C(F)(F)F)C(F)(F)C(F)(F)C(F)(F)F,323.15,4.746861934661865,7.412681579589844,5.787548847155814,0.4219384640477011,0.08456502109766,0.5984669161317724
CCC[N+]1(C)C=CN=C1.FC(F)(F)C(F)(F)C(F)(F)[P-](F)(F)(F)(C(F)(F)C(F)(F)C(F)(F)F)C(F)(F)C(F)(F)C(F)(F)F,CCC[N+]1(C)C=CN=C1,FC(F)(F)C(F)(F)C(F)(F)[P-](F)(F)(F)(C(F)(F)C(F)(F)C(F)(F)F)C(F)(F)C(F)(F)C(F)(F)F,323.15,5.374283313751221,7.499572277069092,6.261500428459517,0.4260547398367732,0.0865490287542343,0.5975438499524269
Cn1cc[n+](CC#N)c1.FC(F)(F)C(F)(F)C(F)(F)[P-](F)(F)(F)(C(F)(F)C(F)(F)C(F)(F)F)C(F)(F)C(F)(F)C(F)(F)F,Cn1cc[n+](CC#N)c1,FC(F)(F)C(F)(F)C(F)(F)[P-](F)(F)(F)(C(F)(F)C(F)(F)C(F)(F)F)C(F)(F)C(F)(F)C(F)(F)F,323.15,6.543163299560547,6.559554100036621,6.551348447790087,0.421290498835991,0.0876042991876602,0.5971262615574872
N#CC[n+]1ccccc1.FC(F)(F)C(F)(F)C(F)(F)[P-](F)(F)(F)(C(F)(F)C(F)(F)C(F)(F)F)C(F)(F)C(F)(F)C(F)(F)F,N#CC[n+]1ccccc1,FC(F)(F)C(F)(F)C(F)(F)[P-](F)(F)(F)(C(F)(F)C(F)(F)C(F)(F)F)C(F)(F)C(F)(F)C(F)(F)F,323.15,6.3319010734558105,6.621203422546387,6.473321522532345,0.451257402835843,0.0877586677670478,0.5968092138040336
C[n+]1ccn(CCC(F)(F)C(F)(F)C(F)(F)C(F)(F)C(F)(F)C(F)(F)F)c1.O=S(=O)([C-](S(=O)(=O)C(F)(F)F)S(=O)(=O)C(F)(F)F)C(F)(F)F,C[n+]1ccn(CCC(F)(F)C(F)(F)C(F)(F)C(F)(F)C(F)(F)C(F)(F)F)c1,O=S(=O)([C-](S(=O)(=O)C(F)(F)F)S(=O)(=O)C(F)(F)F)C(F)(F)F,323.15,4.390892028808594,5.11611270904541,4.725841446820327,0.3424911409552637,0.0810836255550384,0.5967089682069217
C[N+]1(CC#N)CCCC1.FC(F)(F)C(F)(F)C(F)(F)[P-](F)(F)(F)(C(F)(F)C(F)(F)C(F)(F)F)C(F)(F)C(F)(F)C(F)(F)F,C[N+]1(CC#N)CCCC1,FC(F)(F)C(F)(F)C(F)(F)[P-](F)(F)(F)(C(F)(F)C(F)(F)C(F)(F)F)C(F)(F)C(F)(F)C(F)(F)F,323.15,4.40983772277832,5.379589080810547,4.84668108512904,0.4160832207380683,0.0827647522091865,0.5954244331811717
CC[n+]1cccc(C(=O)O)c1.FC(F)(F)C(F)(F)C(F)(F)[P-](F)(F)(F)(C(F)(F)C(F)(F)C(F)(F)F)C(F)(F)C(F)(F)C(F)(F)F,CC[n+]1cccc(C(=O)O)c1,FC(F)(F)C(F)(F)C(F)(F)[P-](F)(F)(F)(C(F)(F)C(F)(F)C(F)(F)F)C(F)(F)C(F)(F)C(F)(F)F,323.15,6.075478076934815,6.794500350952148,6.414903980956112,0.4325446474682747,0.0880810841917991,0.5952737905191097
CC[NH+]1C=CN=C1.FC(F)(F)C(F)(F)C(F)(F)[P-](F)(F)(F)(C(F)(F)C(F)(F)C(F)(F)F)C(F)(F)C(F)(F)C(F)(F)F,CC[NH+]1C=CN=C1,FC(F)(F)C(F)(F)C(F)(F)[P-](F)(F)(F)(C(F)(F)C(F)(F)C(F)(F)F)C(F)(F)C(F)(F)C(F)(F)F,323.15,4.8283867835998535,7.7441253662109375,5.948156123963815,0.4412403244072269,0.0868082195520401,0.5949944165680527
COCC[N+]1(C)CCCC1.FC(F)(F)C(F)(F)C(F)(F)[P-](F)(F)(F)(C(F)(F)C(F)(F)C(F)(F)F)C(F)(F)C(F)(F)C(F)(F)F,COCC[N+]1(C)CCCC1,FC(F)(F)C(F)(F)C(F)(F)[P-](F)(F)(F)(C(F)(F)C(F)(F)C(F)(F)F)C(F)(F)C(F)(F)C(F)(F)F,323.15,5.939764976501465,4.786628723144531,5.301213146071291,0.3834041046769693,0.0846736431121826,0.5939625023001767
Cc1ccc(Cn2cc[n+](C)c2)cc1.FC(F)(F)C(F)(F)C(F)(F)[P-](F)(F)(F)(C(F)(F)C(F)(F)C(F)(F)F)C(F)(F)C(F)(F)C(F)(F)F,Cc1ccc(Cn2cc[n+](C)c2)cc1,FC(F)(F)C(F)(F)C(F)(F)[P-](F)(F)(F)(C(F)(F)C(F)(F)C(F)(F)F)C(F)(F)C(F)(F)C(F)(F)F,323.15,7.667595386505127,6.907248497009277,7.267588885671437,0.389470667214512,0.091021217405796,0.593563785971226
CN(C)c1cc[n+](C)cc1.FC(F)(F)C(F)(F)C(F)(F)[P-](F)(F)(F)(C(F)(F)C(F)(F)C(F)(F)F)C(F)(F)C(F)(F)C(F)(F)F,CN(C)c1cc[n+](C)cc1,FC(F)(F)C(F)(F)C(F)(F)[P-](F)(F)(F)(C(F)(F)C(F)(F)C(F)(F)F)C(F)(F)C(F)(F)C(F)(F)F,323.15,6.848430156707764,7.025159358978272,6.935669122300037,0.4281171742130184,0.0905762240290641,0.5930530072100201
C[n+]1cc[nH]c1.FC(F)(F)C(F)(F)C(F)(F)[P-](F)(F)(F)(C(F)(F)C(F)(F)C(F)(F)F)C(F)(F)C(F)(F)C(F)(F)F,C[n+]1cc[nH]c1,FC(F)(F)C(F)(F)C(F)(F)[P-](F)(F)(F)(C(F)(F)C(F)(F)C(F)(F)F)C(F)(F)C(F)(F)C(F)(F)F,323.15,6.614478588104248,6.687891006469727,6.650982224988423,0.4502742406731112,0.0900565013289451,0.592697583842279
C[N+]1(CCO)CCCC1.FC(F)(F)C(F)(F)C(F)(F)[P-](F)(F)(F)(C(F)(F)C(F)(F)C(F)(F)F)C(F)(F)C(F)(F)C(F)(F)F,C[N+]1(CCO)CCCC1,FC(F)(F)C(F)(F)C(F)(F)[P-](F)(F)(F)(C(F)(F)C(F)(F)C(F)(F)F)C(F)(F)C(F)(F)C(F)(F)F,323.15,5.509759426116943,4.9918742179870605,5.238047137930032,0.3956760370826181,0.0851625353097915,0.5926620531993011
Cn1cc[n+](Cc2ccccc2)c1.FC(F)(F)C(F)(F)C(F)(F)[P-](F)(F)(F)(C(F)(F)C(F)(F)C(F)(F)F)C(F)(F)C(F)(F)C(F)(F)F,Cn1cc[n+](Cc2ccccc2)c1,FC(F)(F)C(F)(F)C(F)(F)[P-](F)(F)(F)(C(F)(F)C(F)(F)C(F)(F)F)C(F)(F)C(F)(F)C(F)(F)F,323.15,7.234631061553955,6.876491546630859,7.051016523506526,0.411549560756377,0.0909944251179695,0.5925409584794391
CCC[NH+]1C=CN=C1.FC(F)(F)C(F)(F)C(F)(F)[P-](F)(F)(F)(C(F)(F)C(F)(F)C(F)(F)F)C(F)(F)C(F)(F)C(F)(F)F,CCC[NH+]1C=CN=C1,FC(F)(F)C(F)(F)C(F)(F)[P-](F)(F)(F)(C(F)(F)C(F)(F)C(F)(F)F)C(F)(F)C(F)(F)C(F)(F)F,323.15,4.768325328826904,7.2977423667907715,5.767912239289038,0.4212153685548731,0.0872400775551796,0.5923194754749854
C[n+]1ccn(CCCl)c1.FC(F)(F)C(F)(F)C(F)(F)[P-](F)(F)(F)(C(F)(F)C(F)(F)C(F)(F)F)C(F)(F)C(F)(F)C(F)(F)F,C[n+]1ccn(CCCl)c1,FC(F)(F)C(F)(F)C(F)(F)[P-](F)(F)(F)(C(F)(F)C(F)(F)C(F)(F)F)C(F)(F)C(F)(F)C(F)(F)F,323.15,6.265927791595459,6.128411293029785,6.196406662289386,0.421961425529884,0.0887151658535003,0.5920255741285227
Cc1cccc[nH+]1.FC(F)(F)C(F)(F)C(F)(F)[P-](F)(F)(F)(C(F)(F)C(F)(F)C(F)(F)F)C(F)(F)C(F)(F)C(F)(F)F,Cc1cccc[nH+]1,FC(F)(F)C(F)(F)C(F)(F)[P-](F)(F)(F)(C(F)(F)C(F)(F)C(F)(F)F)C(F)(F)C(F)(F)C(F)(F)F,323.15,6.457947254180908,6.804535865783691,6.626712858056492,0.4510065212330469,0.0905195921659469,0.5914375001216856
C[n+]1ccn(CCCCS(=O)(=O)O)c1.FC(F)(F)C(F)(F)C(F)(F)[P-](F)(F)(F)(C(F)(F)C(F)(F)C(F)(F)F)C(F)(F)C(F)(F)C(F)(F)F,C[n+]1ccn(CCCCS(=O)(=O)O)c1,FC(F)(F)C(F)(F)C(F)(F)[P-](F)(F)(F)(C(F)(F)C(F)(F)C(F)(F)F)C(F)(F)C(F)(F)C(F)(F)F,323.15,5.953540325164795,5.188202857971191,5.544585694062436,0.356157912115247,0.0864348784089088,0.5912800807367252
CCCCOC[NH+]1C=CN=C1.FC(F)(F)C(F)(F)C(F)(F)[P-](F)(F)(F)(C(F)(F)C(F)(F)C(F)(F)F)C(F)(F)C(F)(F)C(F)(F)F,CCCCOC[NH+]1C=CN=C1,FC(F)(F)C(F)(F)C(F)(F)[P-](F)(F)(F)(C(F)(F)C(F)(F)C(F)(F)F)C(F)(F)C(F)(F)C(F)(F)F,323.15,5.045588493347168,6.427150249481201,5.653184661607849,0.3639117059806753,0.087047629058361,0.5908252390239735
O=S(=O)(O)CCC[n+]1ccccc1.FC(F)(F)C(F)(F)C(F)(F)[P-](F)(F)(F)(C(F)(F)C(F)(F)C(F)(F)F)C(F)(F)C(F)(F)C(F)(F)F,O=S(=O)(O)CCC[n+]1ccccc1,FC(F)(F)C(F)(F)C(F)(F)[P-](F)(F)(F)(C(F)(F)C(F)(F)C(F)(F)F)C(F)(F)C(F)(F)C(F)(F)F,323.15,4.97421407699585,5.553999900817871,5.248142666647959,0.362247162450221,0.0857479497790336,0.5908001149547095
CCOCC[N+]1(C)CCCC1.FC(F)(F)C(F)(F)C(F)(F)[P-](F)(F)(F)(C(F)(F)C(F)(F)C(F)(F)F)C(F)(F)C(F)(F)C(F)(F)F,CCOCC[N+]1(C)CCCC1,FC(F)(F)C(F)(F)C(F)(F)[P-](F)(F)(F)(C(F)(F)C(F)(F)C(F)(F)F)C(F)(F)C(F)(F)C(F)(F)F,323.15,6.074847221374512,4.373231887817383,5.085473665443684,0.3717896544867533,0.0853819027543068,0.5906204671414595
CCc1ccc(C[n+]2ccn(C)c2)cc1.FC(F)(F)C(F)(F)C(F)(F)[P-](F)(F)(F)(C(F)(F)C(F)(F)C(F)(F)F)C(F)(F)C(F)(F)C(F)(F)F,CCc1ccc(C[n+]2ccn(C)c2)cc1,FC(F)(F)C(F)(F)C(F)(F)[P-](F)(F)(F)(C(F)(F)C(F)(F)C(F)(F)F)C(F)(F)C(F)(F)C(F)(F)F,323.15,7.540724277496338,6.514199256896973,6.989974774992894,0.3844793248607236,0.0916532278060913,0.5899847799580563
CCn1cc[n+](C)c1.FC(F)(F)C(F)(F)C(F)(F)[P-](F)(F)(F)(C(F)(F)C(F)(F)C(F)(F)F)C(F)(F)C(F)(F)C(F)(F)F,CCn1cc[n+](C)c1,FC(F)(F)C(F)(F)C(F)(F)[P-](F)(F)(F)(C(F)(F)C(F)(F)C(F)(F)F)C(F)(F)C(F)(F)C(F)(F)F,323.15,6.57446813583374,6.408933639526367,6.490645629977109,0.4601275898594034,0.0909875035285949,0.5895230752079196
CC[n+]1ccc(N(C)C)cc1.FC(F)(F)C(F)(F)C(F)(F)[P-](F)(F)(F)(C(F)(F)C(F)(F)C(F)(F)F)C(F)(F)C(F)(F)C(F)(F)F,CC[n+]1ccc(N(C)C)cc1,FC(F)(F)C(F)(F)C(F)(F)[P-](F)(F)(F)(C(F)(F)C(F)(F)C(F)(F)F)C(F)(F)C(F)(F)C(F)(F)F,323.15,6.584447383880615,6.629910469055176,6.607100720166213,0.4211047643998126,0.0911137610673904,0.5892859400255729
CCC[N+]1(C)CCCC1.FC(F)(F)C(F)(F)C(F)(F)[P-](F)(F)(F)(C(F)(F)C(F)(F)C(F)(F)F)C(F)(F)C(F)(F)C(F)(F)F,CCC[N+]1(C)CCCC1,FC(F)(F)C(F)(F)C(F)(F)[P-](F)(F)(F)(C(F)(F)C(F)(F)C(F)(F)F)C(F)(F)C(F)(F)C(F)(F)F,323.15,5.105263233184815,4.890164375305176,4.995399370062018,0.4081234358638054,0.08609489351511,0.5890662227757251
CC(=O)CCn1cc[n+](C)c1.FC(F)(F)C(F)(F)C(F)(F)[P-](F)(F)(F)(C(F)(F)C(F)(F)C(F)(F)F)C(F)(F)C(F)(F)C(F)(F)F,CC(=O)CCn1cc[n+](C)c1,FC(F)(F)C(F)(F)C(F)(F)[P-](F)(F)(F)(C(F)(F)C(F)(F)C(F)(F)F)C(F)(F)C(F)(F)C(F)(F)F,323.15,5.86062479019165,6.335897445678711,6.089000933241326,0.3926470206730816,0.0895182564854621,0.5888074614877025
CCCC[NH+]1C=CN=C1.FC(F)(F)C(F)(F)C(F)(F)[P-](F)(F)(F)(C(F)(F)C(F)(F)C(F)(F)F)C(F)(F)C(F)(F)C(F)(F)F,CCCC[NH+]1C=CN=C1,FC(F)(F)C(F)(F)C(F)(F)[P-](F)(F)(F)(C(F)(F)C(F)(F)C(F)(F)F)C(F)(F)C(F)(F)C(F)(F)F,323.15,4.528479099273682,6.94347095489502,5.48178172798617,0.4052341249290602,0.0877528935670852,0.5887745403828307
CCOC(=O)C[N+]1(C)CCCC1.FC(F)(F)C(F)(F)C(F)(F)[P-](F)(F)(F)(C(F)(F)C(F)(F)C(F)(F)F)C(F)(F)C(F)(F)C(F)(F)F,CCOC(=O)C[N+]1(C)CCCC1,FC(F)(F)C(F)(F)C(F)(F)[P-](F)(F)(F)(C(F)(F)C(F)(F)C(F)(F)F)C(F)(F)C(F)(F)C(F)(F)F,323.15,3.2765533924102783,5.258214473724365,4.03732608598885,0.3625930313329006,0.0827178284525871,0.5886592600335138
CC[n+]1ccccc1.FC(F)(F)C(F)(F)C(F)(F)[P-](F)(F)(F)(C(F)(F)C(F)(F)C(F)(F)F)C(F)(F)C(F)(F)C(F)(F)F,CC[n+]1ccccc1,FC(F)(F)C(F)(F)C(F)(F)[P-](F)(F)(F)(C(F)(F)C(F)(F)C(F)(F)F)C(F)(F)C(F)(F)C(F)(F)F,323.15,6.206297874450684,6.359814643859863,6.282118522904087,0.4711386049541929,0.0908469706773758,0.5885755761402288
C=C[n+]1ccn(CC)c1.FC(F)(F)C(F)(F)C(F)(F)[P-](F)(F)(F)(C(F)(F)C(F)(F)C(F)(F)F)C(F)(F)C(F)(F)C(F)(F)F,C=C[n+]1ccn(CC)c1,FC(F)(F)C(F)(F)C(F)(F)[P-](F)(F)(F)(C(F)(F)C(F)(F)C(F)(F)F)C(F)(F)C(F)(F)C(F)(F)F,323.15,6.020858287811279,6.191767692565918,6.105117095682351,0.4758801562929848,0.0903826057910919,0.5884987070066505
C=C[n+]1ccn(CC)c1.FC(F)(F)C(F)(F)C(F)(F)[P-](F)(F)(F)(C(F)(F)C(F)(F)C(F)(F)F)C(F)(F)C(F)(F)C(F)(F)F,C=C[n+]1ccn(CC)c1,FC(F)(F)C(F)(F)C(F)(F)[P-](F)(F)(F)(C(F)(F)C(F)(F)C(F)(F)F)C(F)(F)C(F)(F)C(F)(F)F,323.15,6.020857810974121,6.19176721572876,6.105116618751806,0.4758801562929848,0.0903826057910919,0.588498703561292
CCCC[n+]1cccc(C#N)c1.FC(F)(F)C(F)(F)C(F)(F)[P-](F)(F)(F)(C(F)(F)C(F)(F)C(F)(F)F)C(F)(F)C(F)(F)C(F)(F)F,CCCC[n+]1cccc(C#N)c1,FC(F)(F)C(F)(F)C(F)(F)[P-](F)(F)(F)(C(F)(F)C(F)(F)C(F)(F)F)C(F)(F)C(F)(F)C(F)(F)F,323.15,5.94834041595459,5.846991062164307,5.8972303256277545,0.4121858250001577,0.0892480909824371,0.588441258517243
CCCCOC(=O)c1ccc[n+](C)c1.FC(F)(F)C(F)(F)C(F)(F)[P-](F)(F)(F)(C(F)(F)C(F)(F)C(F)(F)F)C(F)(F)C(F)(F)C(F)(F)F,CCCCOC(=O)c1ccc[n+](C)c1,FC(F)(F)C(F)(F)C(F)(F)[P-](F)(F)(F)(C(F)(F)C(F)(F)C(F)(F)F)C(F)(F)C(F)(F)C(F)(F)F,323.15,5.842445373535156,6.091775417327881,5.964505890628605,0.3528355084565169,0.0890225619077682,0.5883048151570779
CC[n+]1cccc(C)c1.FC(F)(F)C(F)(F)C(F)(F)[P-](F)(F)(F)(C(F)(F)C(F)(F)C(F)(F)F)C(F)(F)C(F)(F)C(F)(F)F,CC[n+]1cccc(C)c1,FC(F)(F)C(F)(F)C(F)(F)[P-](F)(F)(F)(C(F)(F)C(F)(F)C(F)(F)F)C(F)(F)C(F)(F)C(F)(F)F,323.15,6.515651226043701,6.50814151763916,6.511894206737861,0.4280493741870261,0.0913000330328941,0.5882949039845278
CCOC(=O)C[n+]1ccccc1.FC(F)(F)C(F)(F)C(F)(F)[P-](F)(F)(F)(C(F)(F)C(F)(F)C(F)(F)F)C(F)(F)C(F)(F)C(F)(F)F,CCOC(=O)C[n+]1ccccc1,FC(F)(F)C(F)(F)C(F)(F)[P-](F)(F)(F)(C(F)(F)C(F)(F)C(F)(F)F)C(F)(F)C(F)(F)C(F)(F)F,323.15,5.121473789215088,6.32668924331665,5.66064145663894,0.3768505065599991,0.0883370116353035,0.5881774480773841
C=CCn1cc[n+](C)c1.FC(F)(F)C(F)(F)C(F)(F)[P-](F)(F)(F)(C(F)(F)C(F)(F)C(F)(F)F)C(F)(F)C(F)(F)C(F)(F)F,C=CCn1cc[n+](C)c1,FC(F)(F)C(F)(F)C(F)(F)[P-](F)(F)(F)(C(F)(F)C(F)(F)C(F)(F)F)C(F)(F)C(F)(F)C(F)(F)F,323.15,5.781100273132324,6.231510162353516,5.997861213444364,0.4740461771765137,0.0904241949319839,0.5875891575207364
COCC[n+]1ccccc1.FC(F)(F)C(F)(F)C(F)(F)[P-](F)(F)(F)(C(F)(F)C(F)(F)C(F)(F)F)C(F)(F)C(F)(F)C(F)(F)F,COCC[n+]1ccccc1,FC(F)(F)C(F)(F)C(F)(F)[P-](F)(F)(F)(C(F)(F)C(F)(F)C(F)(F)F)C(F)(F)C(F)(F)C(F)(F)F,323.15,6.317195415496826,5.91541051864624,6.109704573229439,0.3952890627524992,0.0901315510272979,0.5875627918614335
COC(C)C[n+]1ccn(C)c1.FC(F)(F)C(F)(F)C(F)(F)[P-](F)(F)(F)(C(F)(F)C(F)(F)C(F)(F)F)C(F)(F)C(F)(F)C(F)(F)F,COC(C)C[n+]1ccn(C)c1,FC(F)(F)C(F)(F)C(F)(F)[P-](F)(F)(F)(C(F)(F)C(F)(F)C(F)(F)F)C(F)(F)C(F)(F)C(F)(F)F,323.15,6.5225830078125,6.52191162109375,6.522247297175333,0.4095408028363712,0.0914981514215469,0.5875295637369817
C[n+]1ccn(CCc2ccccc2)c1.FC(F)(F)C(F)(F)C(F)(F)[P-](F)(F)(F)(C(F)(F)C(F)(F)C(F)(F)F)C(F)(F)C(F)(F)C(F)(F)F,C[n+]1ccn(CCc2ccccc2)c1,FC(F)(F)C(F)(F)C(F)(F)[P-](F)(F)(F)(C(F)(F)C(F)(F)C(F)(F)F)C(F)(F)C(F)(F)C(F)(F)F,323.15,6.761068344116211,6.401458740234375,6.576351147071552,0.3847422774108581,0.0917022377252578,0.5869379106268101
C[S+](C)C.FC(F)(F)C(F)(F)C(F)(F)[P-](F)(F)(F)(C(F)(F)C(F)(F)C(F)(F)F)C(F)(F)C(F)(F)C(F)(F)F,C[S+](C)C,FC(F)(F)C(F)(F)C(F)(F)[P-](F)(F)(F)(C(F)(F)C(F)(F)C(F)(F)F)C(F)(F)C(F)(F)C(F)(F)F,323.15,5.181700706481934,6.40123987197876,5.727269158001788,0.5325212297146653,0.0903869271278381,0.5868424582992864
CCCCCOC[NH+]1C=CN=C1.FC(F)(F)C(F)(F)C(F)(F)[P-](F)(F)(F)(C(F)(F)C(F)(F)C(F)(F)F)C(F)(F)C(F)(F)C(F)(F)F,CCCCCOC[NH+]1C=CN=C1,FC(F)(F)C(F)(F)C(F)(F)[P-](F)(F)(F)(C(F)(F)C(F)(F)C(F)(F)F)C(F)(F)C(F)(F)C(F)(F)F,323.15,4.703063011169434,6.020936489105225,5.281022941820521,0.3551474178058281,0.0876322239637374,0.5866551396606241
C[n+]1ccn(CCO)c1.FC(F)(F)C(F)(F)C(F)(F)[P-](F)(F)(F)(C(F)(F)C(F)(F)C(F)(F)F)C(F)(F)C(F)(F)C(F)(F)F,C[n+]1ccn(CCO)c1,FC(F)(F)C(F)(F)C(F)(F)[P-](F)(F)(F)(C(F)(F)C(F)(F)C(F)(F)F)C(F)(F)C(F)(F)C(F)(F)F,323.15,6.072929382324219,5.972859859466553,6.022478960733816,0.3999475474209062,0.0904290229082107,0.5863233495053002
C[n+]1ccn(CCC(F)(F)C(F)(F)C(F)(F)C(F)(F)C(F)(F)C(F)(F)F)c1.FC(F)(F)C(F)(F)C(F)(F)[P-](F)(F)(F)(C(F)(F)C(F)(F)C(F)(F)F)C(F)(F)C(F)(F)C(F)(F)F,C[n+]1ccn(CCC(F)(F)C(F)(F)C(F)(F)C(F)(F)C(F)(F)C(F)(F)F)c1,FC(F)(F)C(F)(F)C(F)(F)[P-](F)(F)(F)(C(F)(F)C(F)(F)C(F)(F)F)C(F)(F)C(F)(F)C(F)(F)F,348.15,11.778935432434082,12.49801540374756,12.127825892772888,0.7062472886719341,0.0504101067781448,0.5569334724310147
C[S+](C)C.O=[C]=[Co-](=[C]=O)(=[C]=O)=[C]=O,C[S+](C)C,O=[C]=[Co-](=[C]=O)(=[C]=O)=[C]=O,348.15,26.377662658691406,15.42454719543457,19.46612411181316,12.987872806195767,0.191255435347557,0.5375620535104274
C[n+]1ccn(CCC(F)(F)C(F)(F)C(F)(F)C(F)(F)C(F)(F)C(F)(F)F)c1.FC(F)(F)C(F)(F)[P-](F)(F)(F)(C(F)(F)C(F)(F)F)C(F)(F)C(F)(F)F,C[n+]1ccn(CCC(F)(F)C(F)(F)C(F)(F)C(F)(F)C(F)(F)C(F)(F)F)c1,FC(F)(F)C(F)(F)[P-](F)(F)(F)(C(F)(F)C(F)(F)F)C(F)(F)C(F)(F)F,348.15,11.912034034729004,9.884443283081056,10.80393157899884,0.7116055240108042,0.0704530179500579,0.5208445221234257
C[n+]1cc[nH]c1.O=[C]=[Co-](=[C]=O)(=[C]=O)=[C]=O,C[n+]1cc[nH]c1,O=[C]=[Co-](=[C]=O)(=[C]=O)=[C]=O,348.15,29.121461868286133,22.368297576904297,25.30202245895874,8.692326448440935,0.1902376562356948,0.5171939325054523
COC(=O)C(Oc1ccc2c(c1)OCO2)C(=O)OC[n+]1ccccc1.FC(F)(F)C(F)(F)C(F)(F)[P-](F)(F)(F)(C(F)(F)C(F)(F)C(F)(F)F)C(F)(F)C(F)(F)C(F)(F)F,COC(=O)C(Oc1ccc2c(c1)OCO2)C(=O)OC[n+]1ccccc1,FC(F)(F)C(F)(F)C(F)(F)[P-](F)(F)(F)(C(F)(F)C(F)(F)C(F)(F)F)C(F)(F)C(F)(F)C(F)(F)F,348.15,13.541678428649902,9.672170639038086,11.284421133175554,0.1014173683818617,0.0760774537920951,0.5061746372555066
Cn1cc[n+](CC#N)c1.N#C[N-]C#N,Cn1cc[n+](CC#N)c1,N#C[N-]C#N,348.15,31.99249649047852,24.773578643798828,27.92402419732369,5.769505057511533,0.1824765503406524,0.5053092128648581
CCn1cc[n+](C)c1.O=S(=O)(F)[N-]S(=O)(=O)F,CCn1cc[n+](C)c1,O=S(=O)(F)[N-]S(=O)(=O)F,348.15,24.3898983001709,23.39216423034668,23.880614455881293,4.1448939012889126,0.1573764681816101,0.5004998272511967
COC(=O)C(c1ccc2c(c1)OCO2)[n+]1ccccc1.FC(F)(F)C(F)(F)C(F)(F)[P-](F)(F)(F)(C(F)(F)C(F)(F)C(F)(F)F)C(F)(F)C(F)(F)C(F)(F)F,COC(=O)C(c1ccc2c(c1)OCO2)[n+]1ccccc1,FC(F)(F)C(F)(F)C(F)(F)[P-](F)(F)(F)(C(F)(F)C(F)(F)C(F)(F)F)C(F)(F)C(F)(F)C(F)(F)F,348.15,14.010796546936035,9.557876586914062,11.36368292940899,0.2937916531804881,0.0822014287114143,0.4988787800617212
C[n+]1cc[nH]c1.N#C[B-](C#N)(C#N)C#N,C[n+]1cc[nH]c1,N#C[B-](C#N)(C#N)C#N,348.15,29.89846992492676,26.99538803100586,28.372862244002345,5.4477287111804085,0.1856798976659774,0.49728510098946316
CCn1cc[n+](C)c1.O=[C]=[Co-](=[C]=O)(=[C]=O)=[C]=O,CCn1cc[n+](C)c1,O=[C]=[Co-](=[C]=O)(=[C]=O)=[C]=O,348.15,30.142528533935547,22.595962524414062,25.829311058229717,6.670703881037484,0.1864830106496811,0.49638827337530084
C[n+]1cc[nH]c1.N#C[N-]C#N,C[n+]1cc[nH]c1,N#C[N-]C#N,348.15,26.715574264526367,15.043079376220703,19.247962719298023,9.849023705634831,0.1882492750883102,0.49520479327698913
CCCCOC(=O)C(Oc1ccc2c(c1)OCO2)C(=O)OC[n+]1ccccc1.FC(F)(F)C(F)(F)C(F)(F)[P-](F)(F)(F)(C(F)(F)C(F)(F)C(F)(F)F)C(F)(F)C(F)(F)C(F)(F)F,CCCCOC(=O)C(Oc1ccc2c(c1)OCO2)C(=O)OC[n+]1ccccc1,FC(F)(F)C(F)(F)C(F)(F)[P-](F)(F)(F)(C(F)(F)C(F)(F)C(F)(F)F)C(F)(F)C(F)(F)C(F)(F)F,348.15,12.67114543914795,8.167709350585938,9.93281388351041,0.0752240515859953,0.0775598734617233,0.4950921309226027
C[S+](C)C.N#C[B-](C#N)(C#N)C#N,C[S+](C)C,N#C[B-](C#N)(C#N)C#N,348.15,27.53299140930176,19.72819328308105,22.98614305669998,7.765642065089976,0.1853824704885482,0.4949948251826415
Cn1cc[n+](CC#N)c1.O=S(=O)(F)[N-]S(=O)(=O)F,Cn1cc[n+](CC#N)c1,O=S(=O)(F)[N-]S(=O)(=O)F,348.15,27.311017990112305,23.877256393432617,25.478967078647663,1.4359728059556234,0.1458084285259246,0.4923511658154
COC(=O)C(c1ccc(OC)c(OC)c1)[n+]1ccccc1.FC(F)(F)C(F)(F)C(F)(F)[P-](F)(F)(F)(C(F)(F)C(F)(F)C(F)(F)F)C(F)(F)C(F)(F)C(F)(F)F,COC(=O)C(c1ccc(OC)c(OC)c1)[n+]1ccccc1,FC(F)(F)C(F)(F)C(F)(F)[P-](F)(F)(F)(C(F)(F)C(F)(F)C(F)(F)F)C(F)(F)C(F)(F)C(F)(F)F,348.15,12.889492988586426,9.486701965332031,10.92936298765516,0.4925393095247342,0.0859918594360351,0.49204541298349264
NC(=O)c1ccc[n+](COC2CCCCCCCCCCC2)c1.FC(F)(F)C(F)(F)C(F)(F)[P-](F)(F)(F)(C(F)(F)C(F)(F)C(F)(F)F)C(F)(F)C(F)(F)C(F)(F)F,NC(=O)c1ccc[n+](COC2CCCCCCCCCCC2)c1,FC(F)(F)C(F)(F)C(F)(F)[P-](F)(F)(F)(C(F)(F)C(F)(F)C(F)(F)F)C(F)(F)C(F)(F)C(F)(F)F,348.15,10.251389503479004,5.176845550537109,6.879576303070847,0.1956367237612225,0.0702308565378189,0.49099743486880476
Cn1cc[n+](CC#N)c1.N#C[B-](C#N)(C#N)C#N,Cn1cc[n+](CC#N)c1,N#C[B-](C#N)(C#N)C#N,348.15,30.521991729736328,26.408559799194336,28.31667082570408,3.958057373986936,0.1769309937953949,0.49099499930220847
CCn1cc[n+](C)c1.N#C[B-](C#N)(C#N)C#N,CCn1cc[n+](C)c1,N#C[B-](C#N)(C#N)C#N,348.15,30.21240234375,25.99287414550781,27.94425081796832,4.689532870406953,0.1813833564519882,0.4908767123102202
CC[S+](C)C.N#C[B-](C#N)(C#N)C#N,CC[S+](C)C,N#C[B-](C#N)(C#N)C#N,348.15,24.42526626586914,21.24410057067871,22.72388907316645,5.951938588351329,0.1724773496389389,0.4891303101038926
ClCC[NH+]1C=CN=C1.FC(F)(F)C(F)(F)C(F)(F)[P-](F)(F)(F)(C(F)(F)C(F)(F)C(F)(F)F)C(F)(F)C(F)(F)C(F)(F)F,ClCC[NH+]1C=CN=C1,FC(F)(F)C(F)(F)C(F)(F)[P-](F)(F)(F)(C(F)(F)C(F)(F)C(F)(F)F)C(F)(F)C(F)(F)C(F)(F)F,348.15,9.732242584228516,8.848444938659668,9.269324671667386,0.7582313731966045,0.0840137749910354,0.48868038342150383
CCC[N+]1(C)C=CN=C1.FC(F)(F)C(F)(F)C(F)(F)[P-](F)(F)(F)(C(F)(F)C(F)(F)C(F)(F)F)C(F)(F)C(F)(F)C(F)(F)F,CCC[N+]1(C)C=CN=C1,FC(F)(F)C(F)(F)C(F)(F)[P-](F)(F)(F)(C(F)(F)C(F)(F)C(F)(F)F)C(F)(F)C(F)(F)C(F)(F)F,348.15,10.787287712097168,8.890149116516113,9.74726506898044,0.7955792231140139,0.0860571712255477,0.4884752862387798
N#CC[n+]1ccccc1.FC(F)(F)C(F)(F)C(F)(F)[P-](F)(F)(F)(C(F)(F)C(F)(F)C(F)(F)F)C(F)(F)C(F)(F)C(F)(F)F,N#CC[n+]1ccccc1,FC(F)(F)C(F)(F)C(F)(F)[P-](F)(F)(F)(C(F)(F)C(F)(F)C(F)(F)F)C(F)(F)C(F)(F)C(F)(F)F,348.15,12.309771537780762,8.154282569885254,9.810114355805286,0.8126445656675213,0.0872191712260246,0.4869465467824946
CCCCOC(=O)C(c1ccc2c(c1)OCO2)[n+]1ccccc1.FC(F)(F)C(F)(F)C(F)(F)[P-](F)(F)(F)(C(F)(F)C(F)(F)C(F)(F)F)C(F)(F)C(F)(F)C(F)(F)F,CCCCOC(=O)C(c1ccc2c(c1)OCO2)[n+]1ccccc1,FC(F)(F)C(F)(F)C(F)(F)[P-](F)(F)(F)(C(F)(F)C(F)(F)C(F)(F)F)C(F)(F)C(F)(F)C(F)(F)F,348.15,12.840655326843262,8.148690223693848,9.97025107578854,0.2294265869790907,0.0837174281477928,0.48656615420154253
Cn1cc[n+](CC#N)c1.FC(F)(F)C(F)(F)C(F)(F)[P-](F)(F)(F)(C(F)(F)C(F)(F)C(F)(F)F)C(F)(F)C(F)(F)C(F)(F)F,Cn1cc[n+](CC#N)c1,FC(F)(F)C(F)(F)C(F)(F)[P-](F)(F)(F)(C(F)(F)C(F)(F)C(F)(F)F)C(F)(F)C(F)(F)C(F)(F)F,348.15,12.50173568725586,8.138216972351074,9.858727801540445,0.7287848619624212,0.0870598703622818,0.48640815225649453
CC[NH+]1C=CN=C1.FC(F)(F)C(F)(F)C(F)(F)[P-](F)(F)(F)(C(F)(F)C(F)(F)C(F)(F)F)C(F)(F)C(F)(F)C(F)(F)F,CC[NH+]1C=CN=C1,FC(F)(F)C(F)(F)C(F)(F)[P-](F)(F)(F)(C(F)(F)C(F)(F)C(F)(F)F)C(F)(F)C(F)(F)C(F)(F)F,348.15,9.847651481628418,9.139105796813965,9.48015792490682,0.7986302876289688,0.0862919986248016,0.4863646907379702
C[n+]1ccn(CCCl)c1.O=S(=O)(F)[N-]S(=O)(=O)F,C[n+]1ccn(CCCl)c1,O=S(=O)(F)[N-]S(=O)(=O)F,348.15,21.70607185363769,22.923904418945312,22.29837244118038,2.034065192801678,0.1415852606296539,0.48603444510358285
Cc1ccc(Cn2cc[n+](C)c2)cc1.FC(F)(F)C(F)(F)C(F)(F)[P-](F)(F)(F)(C(F)(F)C(F)(F)C(F)(F)F)C(F)(F)C(F)(F)C(F)(F)F,Cc1ccc(Cn2cc[n+](C)c2)cc1,FC(F)(F)C(F)(F)C(F)(F)[P-](F)(F)(F)(C(F)(F)C(F)(F)C(F)(F)F)C(F)(F)C(F)(F)C(F)(F)F,348.15,14.507744789123535,8.575948715209961,10.779702586288549,0.7092193991500727,0.0904742628335952,0.4856846514470617
CC[n+]1cccc(C(=O)O)c1.FC(F)(F)C(F)(F)C(F)(F)[P-](F)(F)(F)(C(F)(F)C(F)(F)C(F)(F)F)C(F)(F)C(F)(F)C(F)(F)F,CC[n+]1cccc(C(=O)O)c1,FC(F)(F)C(F)(F)C(F)(F)[P-](F)(F)(F)(C(F)(F)C(F)(F)C(F)(F)F)C(F)(F)C(F)(F)C(F)(F)F,348.15,11.791409492492676,8.221057891845703,9.687746963185974,0.7836201292850989,0.0875365734100341,0.4851616802997801
Cn1cc[n+](Cc2ccccc2)c1.FC(F)(F)C(F)(F)C(F)(F)[P-](F)(F)(F)(C(F)(F)C(F)(F)C(F)(F)F)C(F)(F)C(F)(F)C(F)(F)F,Cn1cc[n+](Cc2ccccc2)c1,FC(F)(F)C(F)(F)C(F)(F)[P-](F)(F)(F)(C(F)(F)C(F)(F)C(F)(F)F)C(F)(F)C(F)(F)C(F)(F)F,348.15,13.974028587341309,8.432098388671875,10.517693134625038,0.7445168157729863,0.0904460996389389,0.48450136436259666
C[n+]1cc[nH]c1.FC(F)(F)C(F)(F)C(F)(F)[P-](F)(F)(F)(C(F)(F)C(F)(F)C(F)(F)F)C(F)(F)C(F)(F)C(F)(F)F,C[n+]1cc[nH]c1,FC(F)(F)C(F)(F)C(F)(F)[P-](F)(F)(F)(C(F)(F)C(F)(F)C(F)(F)F)C(F)(F)C(F)(F)C(F)(F)F,348.15,12.899286270141602,8.216230392456055,10.038447989431324,0.8388626450779075,0.0895172953605651,0.4844414042969742
CC[NH3+].N#C[B-](C#N)(C#N)C#N,CC[NH3+],N#C[B-](C#N)(C#N)C#N,348.15,25.379409790039062,21.04951286315918,23.012561235814736,6.072729903972458,0.1768324077129364,0.48402845889821905
C[n+]1ccn(CCC(F)(F)C(F)(F)C(F)(F)C(F)(F)C(F)(F)C(F)(F)F)c1.O=S(=O)([C-](S(=O)(=O)C(F)(F)F)S(=O)(=O)C(F)(F)F)C(F)(F)F,C[n+]1ccn(CCC(F)(F)C(F)(F)C(F)(F)C(F)(F)C(F)(F)C(F)(F)F)c1,O=S(=O)([C-](S(=O)(=O)C(F)(F)F)S(=O)(=O)C(F)(F)F)C(F)(F)F,348.15,9.203865051269531,6.806354522705078,7.825597672615022,0.6017458916464601,0.0805316269397735,0.48401866196855386
CN(C)c1cc[n+](C)cc1.FC(F)(F)C(F)(F)C(F)(F)[P-](F)(F)(F)(C(F)(F)C(F)(F)C(F)(F)F)C(F)(F)C(F)(F)C(F)(F)F,CN(C)c1cc[n+](C)cc1,FC(F)(F)C(F)(F)C(F)(F)[P-](F)(F)(F)(C(F)(F)C(F)(F)C(F)(F)F)C(F)(F)C(F)(F)C(F)(F)F,348.15,12.879850387573242,8.431507110595703,10.191424937201973,0.7984798650537788,0.0900626555085182,0.483840363699998
C[N+]1(CC#N)CCCC1.FC(F)(F)C(F)(F)C(F)(F)[P-](F)(F)(F)(C(F)(F)C(F)(F)C(F)(F)F)C(F)(F)C(F)(F)C(F)(F)F,C[N+]1(CC#N)CCCC1,FC(F)(F)C(F)(F)C(F)(F)[P-](F)(F)(F)(C(F)(F)C(F)(F)C(F)(F)F)C(F)(F)C(F)(F)C(F)(F)F,348.15,9.69932746887207,6.748962879180908,7.959538609213086,0.7527291079864207,0.0822565779089927,0.48367214309555
CCC[NH+]1C=CN=C1.FC(F)(F)C(F)(F)C(F)(F)[P-](F)(F)(F)(C(F)(F)C(F)(F)C(F)(F)F)C(F)(F)C(F)(F)C(F)(F)F,CCC[NH+]1C=CN=C1,FC(F)(F)C(F)(F)C(F)(F)[P-](F)(F)(F)(C(F)(F)C(F)(F)C(F)(F)F)C(F)(F)C(F)(F)C(F)(F)F,348.15,9.76698112487793,8.749963760375977,9.230543312683864,0.7639830110583229,0.0867077782750129,0.48352621730217626
Cc1cccc[nH+]1.FC(F)(F)C(F)(F)C(F)(F)[P-](F)(F)(F)(C(F)(F)C(F)(F)C(F)(F)F)C(F)(F)C(F)(F)C(F)(F)F,Cc1cccc[nH+]1,FC(F)(F)C(F)(F)C(F)(F)[P-](F)(F)(F)(C(F)(F)C(F)(F)C(F)(F)F)C(F)(F)C(F)(F)C(F)(F)F,348.15,12.591473579406738,8.27917194366455,9.989817964449516,0.8368324941946225,0.0899801105260849,0.4832080773765357
C[n+]1ccn(CCCl)c1.FC(F)(F)C(F)(F)C(F)(F)[P-](F)(F)(F)(C(F)(F)C(F)(F)C(F)(F)F)C(F)(F)C(F)(F)C(F)(F)F,C[n+]1ccn(CCCl)c1,FC(F)(F)C(F)(F)C(F)(F)[P-](F)(F)(F)(C(F)(F)C(F)(F)C(F)(F)F)C(F)(F)C(F)(F)C(F)(F)F,348.15,12.152899742126465,7.600079536437988,9.351804944051995,0.7848084103927048,0.0881846025586128,0.4817958122870923
CCc1ccc(C[n+]2ccn(C)c2)cc1.FC(F)(F)C(F)(F)C(F)(F)[P-](F)(F)(F)(C(F)(F)C(F)(F)C(F)(F)F)C(F)(F)C(F)(F)C(F)(F)F,CCc1ccc(C[n+]2ccn(C)c2)cc1,FC(F)(F)C(F)(F)C(F)(F)[P-](F)(F)(F)(C(F)(F)C(F)(F)C(F)(F)F)C(F)(F)C(F)(F)C(F)(F)F,348.15,14.268779754638672,8.155805587768555,10.379089903031268,0.7079305690013269,0.0911177694797515,0.4817921678179505
CCn1cc[n+](C)c1.FC(F)(F)C(F)(F)C(F)(F)[P-](F)(F)(F)(C(F)(F)C(F)(F)C(F)(F)F)C(F)(F)C(F)(F)C(F)(F)F,CCn1cc[n+](C)c1,FC(F)(F)C(F)(F)C(F)(F)[P-](F)(F)(F)(C(F)(F)C(F)(F)C(F)(F)F)C(F)(F)C(F)(F)C(F)(F)F,348.15,12.66235065460205,7.849236011505127,9.691086347077876,0.8806835160062484,0.0904607027769088,0.4809337962808438
CC[S+](C)C.O=[C]=[Co-](=[C]=O)(=[C]=O)=[C]=O,CC[S+](C)C,O=[C]=[Co-](=[C]=O)(=[C]=O)=[C]=O,348.15,24.09211158752441,16.538192749023438,19.612946133266064,7.857084193420587,0.1797495931386947,0.4808720392666503
CC[n+]1ccccc1.FC(F)(F)C(F)(F)C(F)(F)[P-](F)(F)(F)(C(F)(F)C(F)(F)C(F)(F)F)C(F)(F)C(F)(F)C(F)(F)F,CC[n+]1ccccc1,FC(F)(F)C(F)(F)C(F)(F)[P-](F)(F)(F)(C(F)(F)C(F)(F)C(F)(F)F)C(F)(F)C(F)(F)C(F)(F)F,348.15,12.343459129333496,7.876317977905273,9.616427375463289,0.878236299342083,0.0903110653162002,0.4807029801775221
COCC[N+]1(C)CCCC1.FC(F)(F)C(F)(F)C(F)(F)[P-](F)(F)(F)(C(F)(F)C(F)(F)C(F)(F)F)C(F)(F)C(F)(F)C(F)(F)F,COCC[N+]1(C)CCCC1,FC(F)(F)C(F)(F)C(F)(F)[P-](F)(F)(F)(C(F)(F)C(F)(F)C(F)(F)F)C(F)(F)C(F)(F)C(F)(F)F,348.15,11.7434720993042,6.196558952331543,8.112485085332578,0.7179065664412779,0.0841877683997154,0.48062720100081696
CCCCOC[NH+]1C=CN=C1.FC(F)(F)C(F)(F)C(F)(F)[P-](F)(F)(F)(C(F)(F)C(F)(F)C(F)(F)F)C(F)(F)C(F)(F)C(F)(F)F,CCCCOC[NH+]1C=CN=C1,FC(F)(F)C(F)(F)C(F)(F)[P-](F)(F)(F)(C(F)(F)C(F)(F)C(F)(F)F)C(F)(F)C(F)(F)C(F)(F)F,348.15,10.372097969055176,7.904234886169434,8.971547986043232,0.6454656259227791,0.0865413621068,0.48062649263952595
CC[n+]1ccc(N(C)C)cc1.FC(F)(F)C(F)(F)C(F)(F)[P-](F)(F)(F)(C(F)(F)C(F)(F)C(F)(F)F)C(F)(F)C(F)(F)C(F)(F)F,CC[n+]1ccc(N(C)C)cc1,FC(F)(F)C(F)(F)C(F)(F)[P-](F)(F)(F)(C(F)(F)C(F)(F)C(F)(F)F)C(F)(F)C(F)(F)C(F)(F)F,348.15,12.498368263244627,8.049544334411621,9.792349365381886,0.7902776561801984,0.0905944928526878,0.48009764041891306
C[N+]1(CCO)CCCC1.FC(F)(F)C(F)(F)C(F)(F)[P-](F)(F)(F)(C(F)(F)C(F)(F)C(F)(F)F)C(F)(F)C(F)(F)C(F)(F)F,C[N+]1(CCO)CCCC1,FC(F)(F)C(F)(F)C(F)(F)[P-](F)(F)(F)(C(F)(F)C(F)(F)C(F)(F)F)C(F)(F)C(F)(F)C(F)(F)F,348.15,11.14111614227295,6.369747161865234,8.105379123196432,0.7335021936702024,0.0846817344427108,0.47987429653415653
CC[n+]1cccc(C)c1.FC(F)(F)C(F)(F)C(F)(F)[P-](F)(F)(F)(C(F)(F)C(F)(F)C(F)(F)F)C(F)(F)C(F)(F)C(F)(F)F,CC[n+]1cccc(C)c1,FC(F)(F)C(F)(F)C(F)(F)[P-](F)(F)(F)(C(F)(F)C(F)(F)C(F)(F)F)C(F)(F)C(F)(F)C(F)(F)F,348.15,12.649856567382812,7.92817497253418,9.747314853622395,0.8074969871766915,0.0907624810934066,0.47971475436863115
C=C[n+]1ccn(CC)c1.FC(F)(F)C(F)(F)C(F)(F)[P-](F)(F)(F)(C(F)(F)C(F)(F)C(F)(F)F)C(F)(F)C(F)(F)C(F)(F)F,C=C[n+]1ccn(CC)c1,FC(F)(F)C(F)(F)C(F)(F)[P-](F)(F)(F)(C(F)(F)C(F)(F)C(F)(F)F)C(F)(F)C(F)(F)C(F)(F)F,348.15,11.766530990600586,7.678093433380127,9.292493633476798,0.89078829901663,0.0898441076278686,0.4796759393230996
C=C[n+]1ccn(CC)c1.FC(F)(F)C(F)(F)C(F)(F)[P-](F)(F)(F)(C(F)(F)C(F)(F)C(F)(F)F)C(F)(F)C(F)(F)C(F)(F)F,C=C[n+]1ccn(CC)c1,FC(F)(F)C(F)(F)C(F)(F)[P-](F)(F)(F)(C(F)(F)C(F)(F)C(F)(F)F)C(F)(F)C(F)(F)C(F)(F)F,348.15,11.76653003692627,7.678093910217285,9.292493685297949,0.89078829901663,0.0898441150784492,0.47967592529157216
CCCC[NH+]1C=CN=C1.FC(F)(F)C(F)(F)C(F)(F)[P-](F)(F)(F)(C(F)(F)C(F)(F)C(F)(F)F)C(F)(F)C(F)(F)C(F)(F)F,CCCC[NH+]1C=CN=C1,FC(F)(F)C(F)(F)C(F)(F)[P-](F)(F)(F)(C(F)(F)C(F)(F)C(F)(F)F)C(F)(F)C(F)(F)C(F)(F)F,348.15,9.31259822845459,8.396984100341797,8.83112179670688,0.7370518493044146,0.087230309844017,0.47966166129352733
N#CC[n+]1ccccc1.N#C[B-](C#N)(C#N)C#N,N#CC[n+]1ccccc1,N#C[B-](C#N)(C#N)C#N,348.15,29.22578811645508,27.00122833251953,28.06950209945314,3.413120073210551,0.1777207553386688,0.4796303680194604
C[S+](C)C.O=[C]=[Co-](=[C]=O)(=[C]=O)=[C]=O,C[S+](C)C,O=[C]=[Co-](=[C]=O)(=[C]=O)=[C]=O,368.15,37.10758590698242,22.884258270263672,28.309834155872203,18.109961347232268,0.1889531761407852,0.6149221173502469
C[n+]1cc[nH]c1.O=[C]=[Co-](=[C]=O)(=[C]=O)=[C]=O,C[n+]1cc[nH]c1,O=[C]=[Co-](=[C]=O)(=[C]=O)=[C]=O,368.15,39.89842224121094,30.0277099609375,34.26639550131704,11.790186804757452,0.1875189244747162,0.5723182731876149
C[S+](C)C.N#C[N-]C#N,C[S+](C)C,N#C[N-]C#N,368.15,36.68831253051758,20.38350296020508,26.2068525642854,15.10119187417278,0.1957940757274627,0.5568797292852788
C[n+]1cc[nH]c1.N#C[N-]C#N,C[n+]1cc[nH]c1,N#C[N-]C#N,368.15,37.35821533203125,22.66131019592285,28.210356498434617,12.850689062280868,0.1860900670289993,0.5531797139337655
C[S+](C)C.N#C[B-](C#N)(C#N)C#N,C[S+](C)C,N#C[B-](C#N)(C#N)C#N,368.15,38.43660736083984,27.691389083862305,32.19099645284758,10.730936424097235,0.18342986702919,0.5498098286945132
CCn1cc[n+](C)c1.O=[C]=[Co-](=[C]=O)(=[C]=O)=[C]=O,CCn1cc[n+](C)c1,O=[C]=[Co-](=[C]=O)(=[C]=O)=[C]=O,368.15,40.99077987670898,30.41758346557617,34.92141283906243,9.318431730564637,0.1840231567621231,0.5428308660052475
CCn1cc[n+](C)c1.N#C[N-]C#N,CCn1cc[n+](C)c1,N#C[N-]C#N,368.15,38.53702163696289,23.68303680419922,29.33696060782316,11.399632354860914,0.1831873953342437,0.5421026858933804
Cn1cc[n+](CC#N)c1.N#C[N-]C#N,Cn1cc[n+](CC#N)c1,N#C[N-]C#N,368.15,43.40137481689453,32.83806228637695,37.38792162436933,7.841864114418198,0.1808820068836212,0.5385333748308724
C[n+]1cc[nH]c1.N#C[B-](C#N)(C#N)C#N,C[n+]1cc[nH]c1,N#C[B-](C#N)(C#N)C#N,368.15,40.81850814819336,36.06127548217773,38.29270576984354,7.755613032945972,0.1835174858570099,0.5384503665832476
CC[S+](C)C.O=[C]=[Co-](=[C]=O)(=[C]=O)=[C]=O,CC[S+](C)C,O=[C]=[Co-](=[C]=O)(=[C]=O)=[C]=O,368.15,34.761348724365234,24.11631965637207,28.47652838771995,10.920765179663254,0.177749752998352,0.536899394817998
CC[NH3+].O=[C]=[Co-](=[C]=O)(=[C]=O)=[C]=O,CC[NH3+],O=[C]=[Co-](=[C]=O)(=[C]=O)=[C]=O,368.15,34.81858825683594,23.36622428894043,27.96533689932988,11.445106989388714,0.1816295981407165,0.5356744518701336
CC[NH3+].N#C[B-](C#N)(C#N)C#N,CC[NH3+],N#C[B-](C#N)(C#N)C#N,368.15,36.19141387939453,29.02627944946289,32.21524832647373,8.562874357342663,0.1758207231760025,0.5254452013950563
CCn1cc[n+](C)c1.N#C[B-](C#N)(C#N)C#N,CCn1cc[n+](C)c1,N#C[B-](C#N)(C#N)C#N,368.15,41.40761566162109,34.83986282348633,37.84087495510549,6.653105222848162,0.1797248423099517,0.5244296881759495
CC[S+](C)C.N#C[B-](C#N)(C#N)C#N,CC[S+](C)C,N#C[B-](C#N)(C#N)C#N,368.15,35.201717376708984,29.14948463439941,31.89099465771348,8.157634273025362,0.1715799123048782,0.5228613394223715
Cn1cc[n+](CC#N)c1.N#C[B-](C#N)(C#N)C#N,Cn1cc[n+](CC#N)c1,N#C[B-](C#N)(C#N)C#N,368.15,42.14002227783203,35.14346694946289,38.32504186800045,5.181016247055362,0.1755091696977615,0.5109851915048457
CCn1cc[n+](C)c1.O=S(=O)(F)[N-]S(=O)(=O)F,CCn1cc[n+](C)c1,O=S(=O)(F)[N-]S(=O)(=O)F,368.15,35.06865310668945,31.495098114013672,33.185950312787305,5.4605708893673786,0.1566842496395111,0.5084084586340849
Cn1cc[n+](CC#N)c1.O=[C]=[Co-](=[C]=O)(=[C]=O)=[C]=O,Cn1cc[n+](CC#N)c1,O=[C]=[Co-](=[C]=O)(=[C]=O)=[C]=O,368.15,42.02181625366211,32.131256103515625,36.41693316435047,5.613603182180983,0.1798241138458252,0.49990432939110463
N#CC[n+]1ccccc1.N#C[B-](C#N)(C#N)C#N,N#CC[n+]1ccccc1,N#C[B-](C#N)(C#N)C#N,368.15,40.14472579956055,36.17473983764648,38.056477453761765,4.515469382342863,0.176121711730957,0.4990989449797839
CC[NH3+].N#C[N-]C#N,CC[NH3+],N#C[N-]C#N,368.15,30.77702522277832,20.405845642089844,24.540679934770903,11.363636050032955,0.1891171187162399,0.49593456500171396
Cc1cccc[nH+]1.N#C[B-](C#N)(C#N)C#N,Cc1cccc[nH+]1,N#C[B-](C#N)(C#N)C#N,368.15,37.8192138671875,34.15713882446289,35.89501523723166,5.671198712766428,0.1824318170547485,0.4938781577743893
CC[S+](C)CC.N#C[B-](C#N)(C#N)C#N,CC[S+](C)CC,N#C[B-](C#N)(C#N)C#N,368.15,30.015186309814453,28.98714256286621,29.492208231002063,6.50162650880732,0.1615935862064361,0.4912506603975994
C[n+]1ccn(CCCl)c1.N#C[B-](C#N)(C#N)C#N,C[n+]1ccn(CCCl)c1,N#C[B-](C#N)(C#N)C#N,368.15,38.744022369384766,34.39961624145508,36.44280012505886,4.0381101797237005,0.1704398691654205,0.4893687705437608
CC[n+]1ccccc1.N#C[B-](C#N)(C#N)C#N,CC[n+]1ccccc1,N#C[B-](C#N)(C#N)C#N,368.15,38.3903923034668,32.620792388916016,35.27120474008268,5.023258766980271,0.1789755970239639,0.48463747936256907
Cn1cc[n+](CC#N)c1.O=S(=O)(F)[N-]S(=O)(=O)F,Cn1cc[n+](CC#N)c1,O=S(=O)(F)[N-]S(=O)(=O)F,368.15,38.0184211730957,31.833789825439453,34.65231556220163,2.219913269121007,0.1454136669635772,0.4843314046020536
CC[n+]1cccc(C)c1.N#C[B-](C#N)(C#N)C#N,CC[n+]1cccc(C)c1,N#C[B-](C#N)(C#N)C#N,368.15,39.68981170654297,33.2016487121582,36.15697032719227,4.541543056361141,0.1794492602348327,0.48309090226387563
CCCn1cc[n+](C)c1.N#C[B-](C#N)(C#N)C#N,CCCn1cc[n+](C)c1,N#C[B-](C#N)(C#N)C#N,368.15,35.7714958190918,33.893531799316406,34.80720161899807,4.64129156070397,0.1735308766365051,0.4830137435742387
C[n+]1ccn(CCCl)c1.O=S(=O)(F)[N-]S(=O)(=O)F,C[n+]1ccn(CCCl)c1,O=S(=O)(F)[N-]S(=O)(=O)F,368.15,32.27226638793945,31.0854606628418,31.66774800803632,2.921541059356109,0.1413798034191131,0.4793332955119984
CCC[NH3+].N#C[B-](C#N)(C#N)C#N,CCC[NH3+],N#C[B-](C#N)(C#N)C#N,368.15,28.10594749450684,28.07372093200684,28.08982497013241,6.773863099992924,0.1651532649993896,0.4790710283908177
C[S+](C)CCC#N.N#C[B-](C#N)(C#N)C#N,C[S+](C)CCC#N,N#C[B-](C#N)(C#N)C#N,368.15,28.351993560791016,29.510366439819336,28.91958500377501,5.008194221983318,0.1521120816469192,0.47564948405627
Cn1cc[n+](CC#N)c1.N#C[C-](C#N)C#N,Cn1cc[n+](CC#N)c1,N#C[C-](C#N)C#N,368.15,44.20996475219727,30.811153411865234,36.31404168981375,3.931675534950935,0.1809008717536926,0.47390328429417033
C[n+]1ccn(CCC(F)(F)C(F)(F)C(F)(F)C(F)(F)C(F)(F)C(F)(F)F)c1.FC(F)(F)C(F)(F)C(F)(F)[P-](F)(F)(F)(C(F)(F)C(F)(F)C(F)(F)F)C(F)(F)C(F)(F)C(F)(F)F,C[n+]1ccn(CCC(F)(F)C(F)(F)C(F)(F)C(F)(F)C(F)(F)C(F)(F)F)c1,FC(F)(F)C(F)(F)C(F)(F)[P-](F)(F)(F)(C(F)(F)C(F)(F)C(F)(F)F)C(F)(F)C(F)(F)C(F)(F)F,368.15,16.610076904296875,13.693307876586914,15.0113195967338,1.0454980563919936,0.0499802529811859,0.47270323092309097
CC[S+](C)CC.O=[C]=[Co-](=[C]=O)(=[C]=O)=[C]=O,CC[S+](C)CC,O=[C]=[Co-](=[C]=O)(=[C]=O)=[C]=O,368.15,29.136186599731445,22.750221252441406,25.5502247711893,7.642040724629704,0.167552500963211,0.4697292720699912
N#CC[n+]1ccccc1.O=S(=O)(F)[N-]S(=O)(=O)F,N#CC[n+]1ccccc1,O=S(=O)(F)[N-]S(=O)(=O)F,368.15,34.924034118652344,32.577781677246094,33.7101319539698,1.8403495813790756,0.1482534557580948,0.4692654434664557
C[n+]1cc[nH]c1.O=S(=O)(F)[N-]S(=O)(=O)F,C[n+]1cc[nH]c1,O=S(=O)(F)[N-]S(=O)(=O)F,368.15,33.5909309387207,32.59066390991211,33.08323841843864,3.3717770735454016,0.1608501970767974,0.4691829489229794
CC[S+](C)C.O=S(=O)(F)[N-]S(=O)(=O)F,CC[S+](C)C,O=S(=O)(F)[N-]S(=O)(=O)F,368.15,29.75621223449707,23.371152877807617,26.17999156279829,5.5572210088403375,0.1491957753896713,0.46733574682684503
CC[S+](C)C.N#C[N-]C#N,CC[S+](C)C,N#C[N-]C#N,368.15,32.06127166748047,20.862150192260746,25.276788286838197,9.326420642134666,0.1879812180995941,0.4661664386249992
N#CC[n+]1ccccc1.O=[C]=[Co-](=[C]=O)(=[C]=O)=[C]=O,N#CC[n+]1ccccc1,O=[C]=[Co-](=[C]=O)(=[C]=O)=[C]=O,368.15,39.11783218383789,30.411888122558597,34.21981652535014,4.34313010277118,0.179868459701538,0.4661551846508074
C[S+](C)C.O=S(=O)(F)[N-]S(=O)(=O)F,C[S+](C)C,O=S(=O)(F)[N-]S(=O)(=O)F,368.15,32.1142578125,22.69708633422852,26.59668699890807,6.275260232894437,0.1600100547075271,0.46588930468390993
Cn1cc[n+](CC#N)c1.N#C[S-],Cn1cc[n+](CC#N)c1,N#C[S-],368.15,38.48563003540039,30.572439193725582,34.07565827494216,4.397407390797399,0.1807574033737182,0.46472123118448105
Cc1cccc[nH+]1.O=[C]=[Co-](=[C]=O)(=[C]=O)=[C]=O,Cc1cccc[nH+]1,O=[C]=[Co-](=[C]=O)(=[C]=O)=[C]=O,368.15,36.80034255981445,24.87377166748047,29.683874007315016,7.050551515849636,0.1865197420120239,0.4640889166537733
CC(=O)CCn1cc[n+](C)c1.N#C[B-](C#N)(C#N)C#N,CC(=O)CCn1cc[n+](C)c1,N#C[B-](C#N)(C#N)C#N,368.15,37.80630111694336,31.43030548095703,34.32472073946533,3.707941930263446,0.175367921590805,0.4638023699980128
CC[NH3+].O=S(=O)(F)[N-]S(=O)(=O)F,CC[NH3+],O=S(=O)(F)[N-]S(=O)(=O)F,368.15,29.85173225402832,22.94625473022461,25.947407905672375,5.960981693975005,0.1546138674020767,0.4635853806683658
COCC[S+](C)C.N#C[B-](C#N)(C#N)C#N,COCC[S+](C)C,N#C[B-](C#N)(C#N)C#N,368.15,29.48029518127441,29.145263671875,29.311822112781147,4.532206860463052,0.1569633781909942,0.46342438691326665
C[n+]1ccn(CCCl)c1.O=[C]=[Co-](=[C]=O)(=[C]=O)=[C]=O,C[n+]1ccn(CCCl)c1,O=[C]=[Co-](=[C]=O)(=[C]=O)=[C]=O,368.15,38.10418701171875,27.835739135742188,32.17043972011122,4.708245203981788,0.1753526031970977,0.462120499638738
CC[n+]1cccc(C)c1.O=[C]=[Co-](=[C]=O)(=[C]=O)=[C]=O,CC[n+]1cccc(C)c1,O=[C]=[Co-](=[C]=O)(=[C]=O)=[C]=O,368.15,38.67828369140625,24.802467346191406,30.223866371544908,6.392607058431627,0.1840888708829879,0.46099489807367616
C=C[n+]1ccn(CC)c1.N#C[B-](C#N)(C#N)C#N,C=C[n+]1ccn(CC)c1,N#C[B-](C#N)(C#N)C#N,368.15,41.401363372802734,27.154285430908203,32.79742684582337,4.511468974352105,0.1785147488117218,0.45972301517804887
C=C[n+]1ccn(CC)c1.N#C[B-](C#N)(C#N)C#N,C=C[n+]1ccn(CC)c1,N#C[B-](C#N)(C#N)C#N,368.15,41.401363372802734,27.154285430908203,32.79742684582337,4.511468974352105,0.1785147488117218,0.45972301517804887
N#CC[n+]1ccccc1.N#C[N-]C#N,N#CC[n+]1ccccc1,N#C[N-]C#N,368.15,37.67947769165039,23.788116455078125,29.164108852410735,6.396486130113188,0.179625391960144,0.4588959918376162
CCCn1cc[n+](C)c1.O=S(=O)(F)[N-]S(=O)(=O)F,CCCn1cc[n+](C)c1,O=S(=O)(F)[N-]S(=O)(=O)F,368.15,29.301462173461918,30.16962432861328,29.729206511859218,3.302406102871823,0.1494894623756408,0.4587984732522955
CCn1cc[n+](C)c1.O=S(=O)([N-]S(=O)(=O)C(F)(F)F)C(F)(F)F,CCn1cc[n+](C)c1,O=S(=O)([N-]S(=O)(=O)C(F)(F)F)C(F)(F)F,368.15,30.6557559967041,19.062204360961918,23.507250959013,3.867247666909189,0.1242808550596237,0.4578266549388919
